id,race,s,h_c
3,1,3,1
4,1,4,1
8,0,6,1
10,0,1,0
11,0,10,0
12,0,5,0
13,0,3,1
14,0,4,0
15,1,6,1
16,0,1,0
17,0,3,0
18,1,4,0
19,0,1,1
20,1,3,1
22,1,10,0
23,0,5,1
24,0,3,1
25,1,6,1
26,1,9,1
27,0,2,1
28,0,4,0
31,0,3,0
32,0,1,0
34,1,9,0
35,1,6,0
37,1,3,1
38,0,3,0
39,1,7,1
40,1,10,1
41,0,9,1
42,1,8,1
43,1,1,0
45,0,1,0
47,1,10,0
48,1,3,0
49,0,5,0
51,0,8,0
52,0,5,1
53,0,2,1
54,1,9,1
55,0,2,0
56,1,8,0
57,1,1,0
59,0,2,1
60,1,6,0
61,1,2,0
62,0,7,0
63,1,9,0
64,1,7,1
66,0,10,1
67,1,8,1
68,0,1,0
69,1,3,1
70,1,4,0
71,0,2,1
73,0,2,0
74,0,3,0
75,0,6,1
76,0,9,0
78,1,6,0
79,1,5,1
80,1,4,1
81,1,5,0
82,0,8,0
84,1,1,0
85,0,5,0
87,1,3,0
88,1,7,1
89,1,1,0
90,1,10,1
91,0,2,1
92,0,6,0
93,1,4,1
94,0,1,0
95,1,10,1
96,1,9,1
98,1,6,1
100,1,1,0
103,0,3,0
104,1,4,0
105,1,4,0
106,1,6,0
107,1,6,1
108,0,6,1
111,1,2,0
112,1,1,0
113,1,3,1
114,0,8,0
115,1,4,1
116,0,7,1
118,0,1,0
119,1,2,0
120,1,2,0
121,0,1,0
122,1,10,1
123,1,9,0
124,1,5,0
126,0,6,0
128,1,10,1
131,1,9,1
132,1,7,1
133,1,6,0
134,0,5,0
135,1,7,0
136,1,2,0
137,1,7,1
138,0,8,1
141,0,5,0
142,0,8,1
144,1,3,0
145,0,7,0
146,0,1,1
147,0,1,0
148,0,1,0
151,1,4,1
152,1,2,0
153,1,2,0
154,0,1,1
155,1,3,0
156,0,6,1
157,0,4,0
158,0,5,0
159,0,4,0
160,1,9,1
161,0,6,0
163,0,1,0
164,1,9,0
165,1,4,0
166,1,9,1
167,1,7,0
168,1,8,0
169,0,4,1
170,1,9,0
171,0,5,0
172,1,3,0
173,1,5,1
174,1,2,0
175,0,2,1
176,1,9,1
177,1,4,1
178,1,8,1
179,0,1,0
180,1,7,0
181,1,8,0
183,0,10,1
184,1,9,1
185,0,2,0
187,1,9,0
189,0,9,0
190,1,10,1
191,0,4,0
192,0,1,0
193,0,6,1
194,0,3,0
195,0,4,0
196,0,1,0
197,0,2,0
201,0,5,0
202,0,2,1
203,1,2,0
204,1,8,0
205,1,9,0
206,0,4,1
207,0,3,0
208,0,2,1
210,1,7,1
213,0,3,1
214,1,10,0
215,1,2,1
216,0,2,1
217,1,10,0
219,0,3,0
220,1,10,0
221,1,1,0
222,0,1,0
223,1,8,1
224,1,6,1
225,1,5,1
226,1,8,0
227,1,3,1
228,1,9,1
229,1,9,1
230,1,1,0
231,1,6,0
232,0,6,0
233,1,10,0
234,1,1,1
238,1,10,1
241,1,4,1
242,1,1,0
243,0,4,0
244,0,7,1
245,1,7,0
246,0,2,0
247,0,1,0
248,1,2,0
249,0,1,1
250,0,10,0
251,0,6,0
252,0,5,0
253,1,1,0
254,1,2,1
255,1,3,0
256,1,6,0
258,1,7,0
260,1,4,0
261,1,6,0
262,0,10,0
263,0,1,0
265,1,6,1
268,0,1,1
269,0,1,0
272,1,8,1
273,1,5,0
274,0,1,0
275,1,5,1
277,1,8,1
278,1,2,1
280,0,5,1
281,1,1,1
282,0,4,1
283,0,5,0
286,1,10,1
287,1,9,1
288,0,4,1
289,1,9,1
290,1,8,0
291,0,3,0
292,0,9,0
293,1,3,1
294,1,2,1
295,1,10,0
297,1,4,0
299,0,1,0
300,0,3,0
301,0,4,0
302,1,9,1
303,0,1,0
306,1,10,1
308,1,2,0
309,0,3,0
310,1,8,0
311,0,5,1
313,0,9,1
314,1,1,0
315,1,1,0
316,0,4,0
317,1,9,0
318,1,7,0
319,0,1,1
320,1,9,0
321,1,5,0
322,1,6,0
325,0,1,0
326,0,1,1
327,0,2,0
328,0,4,0
330,1,1,0
331,0,3,1
332,1,7,0
333,1,6,0
334,1,10,1
335,1,1,1
337,1,9,0
338,1,9,0
339,1,6,0
341,1,4,1
342,1,6,0
344,1,1,0
345,0,1,0
347,0,4,1
348,1,4,0
349,0,1,0
350,1,9,1
351,0,5,0
352,0,2,0
353,1,2,0
354,1,4,0
355,1,2,0
357,0,8,1
358,0,2,1
359,1,9,0
360,1,8,0
361,0,1,0
362,1,8,1
363,0,5,1
364,1,3,0
366,0,8,1
367,1,8,0
368,1,5,0
370,0,2,0
371,0,5,0
374,0,7,1
375,0,2,0
376,1,9,1
377,0,7,1
378,1,2,1
380,1,1,0
382,0,5,1
384,1,3,0
385,1,8,1
386,1,6,1
387,0,2,0
388,1,4,0
390,1,4,0
391,1,10,0
392,0,4,1
393,1,1,0
394,0,2,0
395,1,8,0
396,1,8,0
397,1,8,0
399,1,1,0
400,1,4,1
401,1,7,0
402,1,2,0
404,0,5,0
405,0,6,1
406,1,7,1
407,1,10,1
408,0,3,0
410,0,4,0
411,1,3,0
412,0,8,0
413,1,1,0
415,1,7,0
416,1,6,1
417,1,1,0
418,1,1,0
421,0,1,0
422,1,4,0
423,0,1,0
424,1,4,1
425,0,1,0
426,0,2,1
427,0,7,0
428,0,4,0
429,1,9,1
430,1,8,1
432,0,4,0
433,0,8,0
434,1,5,1
435,1,4,0
436,1,4,0
437,0,5,1
438,1,4,1
439,1,1,0
440,1,3,1
442,0,3,1
443,0,2,0
444,0,4,0
445,0,3,0
446,1,6,0
448,1,8,0
449,0,5,0
450,1,5,1
451,1,8,1
452,0,1,0
454,1,8,1
456,0,3,0
459,1,1,0
460,1,3,0
462,1,1,0
463,0,1,1
464,0,3,1
465,0,2,0
466,1,5,0
468,1,2,0
469,1,10,1
471,1,8,0
472,0,10,0
473,1,5,0
474,0,1,0
475,0,1,0
476,0,6,0
477,1,3,0
478,1,9,0
479,0,4,0
480,1,9,1
481,0,1,0
482,1,8,0
484,0,5,0
485,1,9,1
486,1,3,0
487,0,6,1
488,0,1,0
489,0,3,1
495,1,7,0
496,0,4,1
499,0,5,0
500,1,8,1
501,0,3,0
502,1,3,0
503,1,6,1
505,1,1,0
506,1,8,0
507,1,9,0
509,0,6,0
512,1,6,0
515,1,2,0
516,1,9,1
517,1,6,0
518,1,3,0
522,0,1,0
523,1,10,1
526,0,6,0
527,0,1,0
528,0,3,0
530,0,6,0
531,1,10,1
532,0,4,0
533,1,5,1
534,1,7,0
535,0,2,0
536,0,5,0
537,1,5,0
538,1,4,1
540,0,1,0
542,1,10,1
544,0,1,0
547,0,4,0
548,1,3,1
549,1,8,0
551,1,7,0
552,0,6,1
554,0,8,0
555,1,1,0
556,1,2,0
557,1,9,1
558,1,5,1
560,0,1,0
561,0,1,0
562,0,2,0
563,0,1,1
564,1,3,0
565,0,7,1
566,1,8,1
567,0,1,0
569,1,4,0
571,0,4,0
572,1,1,0
573,1,3,0
574,0,4,0
576,1,8,1
577,1,5,0
578,0,2,0
579,1,9,1
580,0,7,0
581,1,9,1
582,0,2,0
583,0,9,0
584,1,5,0
585,1,7,0
586,1,1,0
588,1,4,1
590,0,8,1
591,1,2,0
594,0,1,0
595,1,2,0
597,1,8,1
598,1,9,1
599,0,3,0
601,0,10,1
602,1,7,1
603,1,5,0
604,1,9,1
605,1,7,0
606,0,1,0
607,0,1,0
608,0,2,0
609,0,1,0
610,0,4,0
611,1,3,0
612,1,8,1
613,0,1,1
614,1,2,0
616,1,2,0
618,1,6,0
619,1,8,0
622,0,6,0
623,0,1,0
624,1,7,0
625,1,2,1
626,0,1,0
627,1,6,0
628,0,2,1
630,0,3,0
632,0,1,0
633,0,1,0
634,1,1,0
635,1,3,1
636,1,5,0
637,0,5,1
638,1,6,1
640,1,7,1
641,0,6,1
642,0,1,0
643,1,10,0
644,1,7,1
645,1,7,0
647,0,4,0
648,1,5,1
649,0,1,0
651,1,4,0
653,0,8,1
654,0,1,0
655,0,2,0
656,1,6,0
657,1,10,1
658,0,1,0
659,0,10,1
660,0,1,0
662,0,5,0
663,0,1,0
664,0,1,0
665,1,1,0
667,1,4,0
669,1,10,1
672,1,3,0
674,1,2,1
675,0,1,0
676,0,6,0
677,0,4,0
678,1,2,0
679,1,1,0
680,1,3,0
681,0,1,0
682,1,8,0
683,0,1,0
684,1,2,0
685,1,10,1
686,0,1,1
688,1,8,1
689,1,8,0
691,1,6,1
692,1,5,1
693,0,5,1
694,0,4,1
697,1,3,1
698,0,2,0
699,0,1,0
700,1,9,1
701,1,10,0
703,0,1,0
704,1,1,0
705,1,3,0
706,1,1,0
707,1,6,1
708,1,9,1
709,1,7,1
710,0,1,0
711,1,9,1
712,1,1,0
713,1,6,1
715,0,5,1
716,1,2,0
717,1,6,0
718,1,10,1
719,1,4,0
720,0,1,0
722,0,2,0
723,1,1,0
724,0,1,0
726,0,6,1
727,0,1,0
729,0,1,1
733,0,1,0
734,1,5,0
735,0,3,0
736,1,1,0
737,0,9,1
738,0,9,1
742,0,9,0
743,1,2,0
744,1,7,0
745,0,2,0
747,0,3,0
749,0,4,0
750,0,9,1
752,0,4,1
753,1,1,0
754,1,4,1
755,1,8,0
756,0,1,0
757,1,5,0
760,1,7,1
762,0,3,1
765,1,6,1
768,1,10,0
769,0,5,0
770,0,1,0
771,0,2,0
772,0,1,0
773,1,1,0
775,0,3,0
777,0,1,0
778,0,5,0
779,1,2,0
780,1,8,0
782,1,9,0
784,0,6,0
785,1,2,0
786,0,1,0
789,1,3,0
790,1,4,0
791,1,9,0
793,1,7,1
794,1,5,1
796,0,2,0
797,0,1,0
798,0,7,1
799,0,1,0
800,1,8,1
801,1,2,0
802,0,5,0
803,1,5,0
804,1,4,1
805,0,4,1
806,0,2,0
807,0,9,0
808,0,4,1
809,1,1,0
810,1,3,1
812,1,2,0
813,1,4,1
814,0,1,1
815,0,3,1
816,0,5,0
818,0,3,0
819,1,3,0
821,1,7,0
822,0,10,0
823,1,7,1
825,0,10,1
826,0,2,0
827,1,7,0
828,0,9,0
829,0,10,1
831,0,1,0
832,0,1,0
833,1,4,0
834,0,1,0
835,1,9,1
837,0,6,1
838,1,3,0
839,0,1,0
841,0,2,0
843,1,5,0
844,1,6,0
845,1,3,0
846,1,7,0
847,1,6,1
849,1,3,1
850,1,5,1
851,0,1,0
852,1,7,1
853,1,3,0
855,1,1,0
856,0,6,0
857,1,8,1
858,1,3,0
859,1,5,0
860,0,3,0
861,0,4,1
862,0,1,0
863,0,4,0
865,0,8,0
867,1,4,1
868,1,1,0
869,0,3,0
870,1,2,1
871,0,1,0
872,1,7,1
875,1,3,0
876,0,1,0
877,1,7,0
881,0,1,1
882,0,1,1
883,0,6,1
884,0,1,1
886,0,1,0
887,1,6,1
888,0,3,0
889,0,4,0
891,1,10,1
892,0,7,0
896,0,7,0
897,1,7,1
898,1,8,1
899,1,3,1
900,0,7,0
901,1,2,0
906,0,5,0
907,1,7,0
908,0,2,0
909,1,3,0
910,1,4,0
913,1,8,1
914,1,7,1
915,1,5,1
916,1,2,0
917,1,10,1
918,1,1,0
921,1,7,0
922,0,6,1
924,0,1,0
925,0,1,0
926,1,7,1
927,0,1,0
928,0,1,0
929,0,4,0
930,1,8,1
933,0,9,0
934,1,5,1
935,0,1,0
936,0,1,0
938,0,1,0
939,1,1,0
940,0,4,0
942,0,3,0
943,0,2,1
944,1,3,0
946,1,3,1
947,0,10,0
948,1,5,0
949,0,10,1
950,1,10,0
951,1,1,0
953,1,1,0
954,1,6,0
955,1,6,1
956,1,10,1
959,1,9,1
960,0,7,1
962,0,9,0
963,0,5,0
964,0,5,1
965,1,1,0
966,0,4,0
967,1,9,1
968,0,3,1
970,1,6,0
971,1,2,1
972,1,1,0
973,0,4,1
975,1,3,0
976,1,5,0
977,1,8,0
978,1,2,0
979,0,10,1
981,0,1,0
982,1,3,0
983,0,4,1
986,0,4,1
987,1,8,1
988,1,6,0
990,0,6,0
991,1,7,0
992,1,6,0
993,0,2,1
995,1,8,1
996,1,4,1
997,1,2,1
998,1,7,1
999,0,1,1
1000,1,10,1
1001,1,9,0
1002,1,7,0
1003,1,9,1
1005,1,2,1
1006,1,4,0
1007,1,3,0
1008,0,1,0
1010,0,5,0
1013,1,1,0
1014,1,5,0
1015,1,4,0
1017,0,5,0
1019,1,4,0
1022,1,1,0
1023,0,3,0
1024,1,2,0
1025,1,7,1
1026,1,9,1
1027,1,9,0
1028,0,5,0
1029,0,3,0
1030,0,2,0
1031,0,9,1
1033,1,3,0
1034,1,10,1
1035,0,1,0
1036,1,4,0
1038,0,1,1
1039,1,9,1
1040,1,1,0
1041,1,2,0
1043,1,7,0
1044,1,5,0
1045,1,8,0
1047,0,2,0
1048,1,8,1
1049,0,1,0
1050,1,2,0
1051,1,2,1
1052,1,4,0
1053,1,5,0
1054,1,10,0
1055,1,8,1
1056,0,5,1
1057,1,7,1
1058,1,4,0
1059,1,6,0
1060,1,1,0
1061,1,1,0
1062,1,3,0
1063,1,6,1
1064,0,1,0
1065,1,8,1
1066,0,2,0
1068,0,3,1
1069,0,1,0
1070,1,6,0
1071,0,1,0
1072,1,1,0
1074,1,8,0
1075,1,6,0
1076,0,8,0
1077,1,5,1
1078,1,1,0
1080,0,2,0
1082,1,8,1
1083,1,9,0
1084,1,1,0
1086,1,5,0
1087,0,2,1
1088,0,1,0
1089,0,1,1
1090,0,3,0
1093,0,2,0
1094,0,2,1
1095,1,9,0
1096,0,1,0
1097,0,2,0
1099,0,3,0
1100,1,10,0
1102,1,7,0
1103,1,8,0
1105,0,4,1
1106,0,1,0
1107,0,4,1
1108,1,6,0
1109,1,4,1
1110,1,10,1
1111,1,6,0
1115,1,4,0
1118,0,1,0
1119,1,9,1
1120,1,8,0
1121,1,2,0
1122,1,3,0
1123,1,9,0
1125,1,7,1
1127,1,2,0
1128,0,5,0
1130,0,5,1
1131,1,10,1
1132,0,1,0
1133,1,2,0
1134,1,9,0
1135,0,3,0
1136,1,5,1
1138,1,9,0
1139,1,5,0
1140,1,1,0
1141,1,9,0
1142,1,5,0
1143,1,5,1
1144,1,5,0
1145,1,5,1
1146,1,7,1
1147,1,3,0
1148,1,3,0
1150,1,10,1
1153,0,8,1
1154,1,9,0
1156,1,2,0
1158,0,2,1
1159,1,1,0
1160,1,7,1
1161,1,8,0
1162,1,7,1
1163,1,6,1
1166,1,9,1
1167,1,3,0
1168,0,4,0
1169,1,4,0
1172,1,2,0
1173,1,6,1
1174,0,3,0
1175,0,1,0
1176,0,2,0
1177,0,1,0
1178,0,3,0
1179,1,2,0
1181,1,5,0
1183,0,4,0
1184,0,1,0
1185,0,2,0
1186,0,4,1
1187,0,9,1
1188,1,4,0
1191,0,4,1
1192,1,6,0
1193,0,7,0
1195,1,7,0
1196,0,1,0
1197,1,9,1
1198,0,3,0
1200,1,5,1
1201,1,2,0
1202,1,9,1
1205,1,1,0
1207,0,5,1
1209,0,4,0
1211,0,2,0
1212,1,5,1
1213,1,2,0
1214,1,8,0
1216,0,6,0
1217,1,2,1
1218,1,1,0
1219,1,2,0
1220,1,3,0
1222,1,10,1
1223,0,6,1
1225,1,1,1
1226,0,3,0
1229,1,6,0
1230,1,3,0
1231,0,2,0
1232,1,6,0
1233,0,4,0
1235,1,7,1
1236,0,4,0
1237,1,5,0
1238,0,3,1
1239,1,8,1
1240,1,10,0
1241,0,3,1
1243,0,1,0
1244,0,4,0
1245,0,9,0
1246,1,6,1
1247,1,3,0
1248,0,2,1
1249,0,3,0
1250,1,8,1
1251,1,3,0
1254,1,8,0
1255,1,8,1
1256,1,10,1
1257,1,7,1
1258,1,8,1
1259,0,4,1
1260,1,7,1
1261,1,2,0
1262,0,1,1
1263,1,4,0
1264,1,9,0
1265,0,2,0
1267,1,3,0
1268,1,4,1
1269,1,4,0
1270,0,9,0
1272,1,5,1
1273,0,1,0
1275,0,1,0
1276,1,7,1
1277,1,2,0
1280,0,7,1
1281,0,2,1
1282,1,8,0
1283,1,9,1
1284,0,4,0
1285,1,5,0
1286,0,4,1
1289,1,1,0
1290,1,8,1
1292,0,2,0
1293,1,5,1
1294,1,9,0
1295,0,4,0
1296,0,1,0
1298,1,9,0
1299,0,1,0
1300,0,5,0
1301,1,4,0
1302,1,3,0
1303,1,3,1
1305,1,8,0
1306,1,4,1
1307,0,7,0
1310,0,6,0
1311,1,2,0
1312,1,1,0
1313,1,9,1
1314,1,8,1
1315,1,4,0
1316,0,1,0
1317,0,7,0
1318,1,8,1
1322,0,6,0
1323,1,3,0
1324,0,2,0
1325,1,1,0
1326,1,9,0
1328,1,2,0
1329,0,8,1
1330,0,4,0
1331,1,10,1
1333,1,6,0
1334,1,3,0
1336,0,1,1
1338,1,6,0
1339,1,5,0
1342,1,7,0
1344,1,2,0
1345,0,4,1
1346,1,5,0
1347,0,3,1
1348,1,5,0
1351,1,7,1
1352,0,10,1
1353,0,1,1
1358,1,6,1
1360,1,1,1
1361,1,3,1
1365,1,5,0
1366,0,1,0
1367,1,2,1
1368,0,4,1
1369,0,4,0
1370,0,1,0
1371,1,2,0
1372,0,2,0
1373,1,3,0
1374,1,10,0
1377,1,7,1
1378,1,3,0
1379,1,7,1
1380,1,2,1
1381,0,1,0
1382,1,2,0
1384,0,5,0
1385,1,2,1
1386,1,1,0
1387,0,3,0
1388,0,1,1
1389,1,7,0
1390,0,4,0
1393,1,1,1
1394,0,1,0
1395,1,9,1
1396,1,10,1
1397,1,9,0
1399,0,3,0
1400,0,1,0
1401,1,3,0
1402,1,1,0
1403,1,10,1
1404,0,2,0
1407,1,9,0
1408,1,7,1
1409,0,1,0
1410,1,2,0
1413,1,7,0
1414,1,2,0
1417,1,6,0
1419,0,1,0
1420,0,1,0
1421,0,3,0
1423,0,1,0
1424,0,5,1
1427,1,9,1
1428,1,7,0
1429,1,10,1
1431,0,5,0
1432,1,4,0
1433,1,8,0
1435,1,2,1
1436,1,7,1
1438,0,6,0
1439,0,4,0
1440,1,10,0
1441,1,5,1
1443,1,5,1
1444,1,10,0
1445,1,7,1
1446,0,1,0
1447,0,1,0
1448,0,3,0
1449,1,8,0
1450,1,9,0
1451,0,7,0
1452,0,5,1
1454,1,10,0
1455,1,1,0
1456,1,6,1
1457,1,3,0
1458,0,3,0
1461,1,6,1
1463,1,8,1
1465,1,3,0
1467,1,7,1
1469,0,2,0
1470,1,5,1
1471,0,5,1
1472,0,1,0
1473,1,4,1
1474,1,4,0
1476,1,10,0
1477,0,9,0
1478,0,2,0
1479,1,1,1
1480,0,4,0
1481,1,1,0
1482,1,7,0
1483,1,1,0
1484,0,9,1
1485,1,7,1
1487,1,3,0
1490,1,4,1
1491,1,4,0
1493,0,6,0
1494,0,3,0
1495,1,2,0
1496,1,7,1
1497,0,4,1
1498,0,1,0
1499,1,10,1
1501,0,1,0
1502,0,2,0
1505,1,8,1
1506,0,9,1
1508,1,3,0
1511,1,2,0
1513,1,5,1
1515,1,4,0
1517,1,3,1
1519,0,3,0
1520,0,6,0
1521,0,1,0
1522,1,7,0
1524,0,1,0
1525,1,2,0
1526,1,4,0
1527,1,7,0
1533,1,6,0
1534,1,6,0
1537,1,6,0
1538,0,3,0
1540,1,5,0
1541,1,10,0
1542,1,7,1
1543,1,10,1
1544,0,6,0
1545,1,5,0
1547,0,2,0
1548,1,9,1
1549,1,10,1
1550,0,1,0
1555,0,3,0
1556,1,7,1
1557,1,1,0
1558,1,5,0
1559,0,4,0
1561,1,1,0
1563,1,1,0
1564,1,8,0
1565,1,5,1
1566,1,3,0
1567,1,3,0
1569,1,7,1
1571,0,1,0
1572,1,2,0
1574,0,1,0
1575,1,3,1
1576,1,8,1
1577,1,1,0
1578,0,1,0
1579,0,1,0
1580,0,1,0
1581,0,4,0
1583,1,1,0
1586,0,6,0
1587,0,1,0
1588,1,10,1
1590,1,1,1
1591,0,1,0
1592,1,2,0
1593,1,1,0
1594,1,5,0
1595,1,10,1
1596,1,3,1
1597,1,1,0
1599,0,1,0
1600,1,1,0
1601,0,2,1
1602,1,2,0
1603,0,4,0
1604,1,5,1
1606,1,8,0
1607,1,7,1
1608,0,6,1
1609,1,8,0
1610,1,6,0
1611,1,3,0
1612,1,10,0
1613,1,3,1
1615,0,1,0
1616,0,2,0
1617,0,2,0
1620,0,1,0
1621,0,3,0
1622,1,3,0
1623,1,7,0
1624,1,8,1
1625,1,10,1
1626,1,3,1
1627,1,3,1
1628,1,1,0
1629,1,5,0
1630,0,5,0
1631,0,3,1
1632,1,10,1
1633,1,1,0
1634,0,1,0
1635,1,6,0
1637,1,1,0
1638,1,3,1
1640,0,1,0
1641,1,1,0
1642,0,6,0
1643,0,4,0
1645,1,6,1
1648,0,1,0
1649,1,7,0
1650,1,8,0
1651,1,3,1
1652,0,1,0
1653,0,5,0
1654,1,4,0
1655,1,2,1
1657,1,1,0
1659,1,2,0
1660,1,10,1
1661,0,9,0
1662,1,2,0
1664,0,8,0
1666,0,1,1
1667,0,5,1
1668,1,9,0
1669,0,10,1
1670,1,6,1
1671,0,2,0
1672,1,8,0
1673,0,7,1
1674,1,2,0
1676,0,3,0
1677,0,2,0
1678,1,1,0
1679,0,1,0
1680,0,2,0
1681,1,2,0
1682,0,1,0
1683,1,7,1
1684,0,7,0
1686,1,5,1
1687,1,3,0
1689,0,1,1
1690,1,1,0
1691,0,10,0
1692,0,1,0
1693,0,2,0
1698,0,3,0
1699,0,2,0
1700,1,3,1
1701,1,8,1
1702,1,9,1
1703,0,6,0
1704,0,1,1
1705,1,5,0
1706,1,5,1
1707,1,2,0
1708,1,3,0
1709,1,9,1
1710,0,2,1
1711,0,1,0
1713,1,2,0
1714,0,10,0
1715,1,6,1
1716,0,4,0
1717,1,6,1
1718,1,9,1
1719,1,1,1
1722,1,1,0
1723,1,10,0
1724,0,6,1
1726,0,1,0
1727,1,1,0
1728,0,9,1
1729,1,2,1
1730,1,4,0
1732,1,10,0
1733,0,7,0
1735,0,1,0
1736,1,7,0
1737,1,9,0
1738,0,4,0
1739,1,4,0
1741,1,6,1
1743,1,2,0
1745,0,5,0
1746,0,3,1
1747,0,5,0
1749,0,1,0
1750,0,3,1
1751,1,6,0
1752,0,7,0
1754,0,1,0
1755,1,7,0
1756,0,2,1
1757,0,1,0
1758,1,4,0
1759,0,9,1
1760,0,5,1
1761,0,6,0
1762,0,6,0
1764,0,4,0
1765,1,10,0
1768,1,1,0
1769,0,6,0
1770,1,2,1
1774,0,2,0
1776,1,9,1
1777,1,7,1
1778,0,10,0
1779,0,2,0
1780,1,5,0
1781,0,3,0
1782,1,3,0
1784,1,8,0
1785,1,8,0
1786,1,9,1
1787,1,5,0
1790,0,4,0
1791,1,8,1
1793,0,1,0
1794,1,2,0
1796,1,3,1
1797,1,9,1
1798,1,7,1
1799,1,7,0
1800,1,5,0
1801,1,3,0
1803,0,4,0
1805,1,5,1
1806,0,5,1
1813,1,2,0
1814,0,2,0
1816,0,10,1
1817,1,4,1
1820,1,1,0
1821,0,3,0
1822,0,3,1
1824,1,4,0
1827,1,7,0
1829,0,5,0
1830,1,10,1
1831,0,7,0
1832,1,10,0
1834,0,4,0
1835,0,3,0
1836,0,1,0
1837,1,8,0
1839,1,4,0
1840,0,2,0
1841,0,3,0
1842,1,6,0
1844,0,6,1
1845,1,2,0
1846,1,9,0
1847,1,1,0
1848,0,2,1
1849,1,6,1
1850,1,6,1
1851,0,10,0
1852,1,7,1
1853,0,4,0
1854,1,4,0
1855,0,10,0
1856,0,4,0
1857,1,8,0
1858,0,10,0
1859,1,3,1
1860,0,6,1
1861,1,8,1
1862,1,2,1
1863,1,6,1
1864,1,2,0
1865,0,1,0
1867,0,1,0
1868,1,9,0
1869,0,1,0
1870,1,3,0
1871,1,8,1
1872,1,1,0
1873,0,3,0
1874,0,4,0
1875,0,8,1
1876,0,3,0
1877,1,5,1
1878,1,10,0
1879,1,9,0
1881,1,1,1
1882,1,9,1
1885,1,9,0
1886,1,3,0
1887,1,3,0
1888,1,5,0
1889,0,4,0
1890,1,4,1
1891,1,3,0
1893,0,8,0
1894,1,2,1
1895,1,10,1
1897,0,7,1
1898,0,4,0
1900,0,5,1
1901,0,1,1
1902,0,8,0
1903,0,2,0
1904,1,4,0
1906,0,4,0
1907,1,3,1
1908,0,10,1
1909,0,2,0
1910,0,1,1
1911,1,6,0
1913,1,4,0
1914,1,5,0
1915,1,8,1
1916,0,2,0
1917,0,3,0
1918,0,1,0
1919,0,1,1
1920,1,9,0
1921,1,6,1
1922,1,3,0
1923,0,6,1
1924,1,10,1
1926,0,2,0
1927,1,3,1
1930,0,3,0
1931,0,1,0
1933,1,4,0
1934,0,1,0
1936,1,7,0
1938,0,5,0
1939,0,2,1
1940,0,3,0
1941,1,1,0
1942,0,1,0
1943,1,3,1
1944,1,9,0
1945,1,2,0
1946,1,1,0
1947,0,2,0
1948,0,1,0
1950,1,7,0
1951,1,3,0
1952,1,6,0
1954,0,1,1
1957,0,1,0
1958,1,10,0
1959,1,10,0
1961,0,8,1
1963,0,1,0
1964,1,10,0
1965,1,9,1
1967,1,2,0
1970,0,1,0
1971,1,5,0
1972,0,2,0
1973,0,1,0
1974,1,1,0
1976,0,5,1
1977,1,4,0
1979,0,4,0
1980,1,4,0
1983,1,1,0
1984,1,8,1
1985,0,1,0
1986,0,7,0
1987,0,2,0
1988,0,2,0
1989,0,5,0
1990,1,1,1
1991,1,9,1
1992,1,2,0
1993,0,7,1
1994,0,10,1
1995,0,1,1
1996,0,2,0
1997,0,5,0
1998,0,1,0
1999,1,1,0
2001,1,3,0
2002,0,5,0
2004,0,5,0
2006,1,8,1
2007,1,7,0
2008,1,2,0
2009,1,4,1
2010,1,3,0
2013,1,3,0
2014,0,2,0
2016,0,3,0
2017,0,2,0
2019,1,8,1
2023,1,7,0
2024,0,5,0
2026,1,2,1
2027,1,7,1
2029,1,3,0
2030,0,5,0
2032,1,6,0
2034,0,2,0
2035,1,4,1
2036,1,10,1
2037,1,2,0
2039,0,6,0
2042,1,1,0
2043,0,1,0
2045,0,3,0
2047,1,5,1
2048,1,10,1
2050,0,4,0
2051,0,7,1
2052,0,1,0
2053,1,7,0
2054,0,2,0
2055,1,9,0
2056,1,4,0
2057,1,9,1
2058,1,7,1
2060,1,5,1
2061,1,2,1
2062,1,4,0
2064,1,6,1
2065,0,2,0
2066,0,4,0
2069,1,3,0
2070,1,8,0
2071,1,9,1
2072,0,1,0
2075,0,6,0
2076,1,10,1
2077,1,7,0
2078,0,5,1
2079,1,2,0
2080,1,3,0
2081,1,9,0
2083,1,8,1
2084,1,10,0
2086,0,1,0
2087,1,6,1
2089,1,1,0
2090,1,4,0
2091,1,9,0
2092,0,5,0
2093,0,2,0
2094,1,4,0
2095,0,1,1
2096,0,6,1
2097,1,2,0
2098,0,1,0
2099,1,2,0
2100,0,1,0
2101,0,2,1
2103,1,4,1
2106,1,3,0
2107,1,7,1
2109,0,5,0
2110,1,9,0
2111,1,2,0
2112,0,1,0
2113,1,9,1
2114,1,9,0
2115,0,1,0
2116,1,5,0
2117,1,9,0
2118,0,3,0
2119,0,2,0
2121,1,4,0
2122,1,10,0
2123,0,6,1
2124,0,1,0
2125,0,3,0
2126,0,8,1
2127,1,7,1
2128,1,3,1
2129,1,4,1
2130,0,1,1
2131,1,8,0
2134,1,9,0
2136,1,2,0
2137,1,10,0
2138,1,10,1
2139,0,1,0
2140,0,1,0
2141,0,2,1
2142,1,9,0
2143,0,4,1
2145,1,9,0
2146,1,10,1
2147,1,2,0
2148,1,10,1
2149,1,1,1
2150,1,8,1
2151,0,4,1
2152,1,2,0
2153,1,8,1
2155,0,7,0
2156,0,5,1
2157,1,3,1
2159,0,1,0
2160,1,6,0
2161,0,3,0
2162,1,4,0
2163,0,2,0
2165,1,1,1
2166,1,8,1
2169,0,4,0
2170,1,8,0
2171,1,7,0
2172,1,7,0
2174,0,3,0
2176,0,3,1
2178,1,4,1
2179,1,1,0
2181,1,9,1
2182,1,6,1
2183,1,1,0
2184,0,5,1
2185,1,4,0
2186,0,2,1
2187,1,2,0
2188,1,3,1
2189,1,2,0
2192,1,2,0
2193,0,3,1
2194,1,3,0
2195,1,6,1
2196,1,2,0
2197,1,9,1
2198,0,1,0
2199,1,7,0
2201,0,1,0
2202,0,3,0
2203,1,3,0
2204,1,3,0
2205,1,6,0
2206,1,7,0
2207,1,6,1
2208,1,7,1
2211,1,7,1
2212,1,5,1
2213,1,1,0
2214,0,4,0
2215,1,5,1
2216,1,2,0
2217,0,4,0
2218,1,2,0
2219,0,1,0
2220,1,4,1
2221,0,2,1
2222,1,1,0
2224,0,6,0
2226,0,6,1
2227,1,5,0
2228,1,4,1
2229,0,4,0
2230,0,3,0
2231,1,9,1
2232,1,4,0
2233,0,8,1
2235,0,7,0
2236,1,1,1
2237,1,7,0
2239,0,7,0
2240,1,9,1
2245,0,8,0
2246,1,8,0
2247,1,10,1
2248,1,9,0
2249,1,7,0
2250,1,10,1
2251,0,1,0
2253,1,2,0
2254,0,10,0
2255,0,1,0
2256,0,3,0
2257,0,1,0
2258,0,6,1
2259,1,3,0
2261,1,1,0
2262,1,3,1
2264,1,10,0
2265,0,6,0
2266,1,9,0
2267,1,2,0
2268,0,7,0
2271,1,8,1
2273,0,2,0
2274,0,4,1
2277,0,9,1
2278,0,1,1
2279,1,7,0
2280,1,4,1
2283,1,10,1
2284,0,1,0
2285,1,3,0
2287,1,9,1
2288,1,7,0
2289,0,10,1
2290,1,2,1
2291,0,1,0
2292,0,1,0
2293,0,2,0
2294,0,3,0
2295,0,7,0
2296,1,4,0
2297,0,8,1
2299,0,7,1
2300,0,6,1
2303,0,1,0
2304,1,8,0
2305,1,4,0
2306,0,1,0
2307,0,7,0
2308,1,2,0
2310,1,2,0
2313,0,2,0
2314,1,2,0
2315,0,3,0
2316,0,1,0
2317,1,5,1
2318,0,5,1
2320,1,4,1
2321,1,6,1
2322,1,7,0
2323,0,2,0
2325,1,7,0
2326,1,8,1
2327,1,9,1
2329,1,10,1
2330,1,9,0
2331,0,4,0
2332,0,1,0
2333,1,1,0
2335,1,6,1
2336,1,9,1
2337,1,1,0
2342,1,8,0
2343,0,1,0
2344,1,7,1
2346,1,7,0
2347,1,5,0
2348,0,2,0
2349,1,9,0
2350,1,10,1
2351,0,1,0
2352,1,1,0
2353,0,1,0
2354,1,3,1
2355,1,3,1
2356,0,1,1
2358,1,1,0
2359,0,1,0
2361,0,2,1
2363,0,1,0
2364,1,7,0
2365,0,3,0
2367,0,3,1
2368,1,3,0
2369,1,1,0
2370,1,3,0
2371,0,2,0
2372,1,7,0
2373,1,6,0
2374,1,4,1
2375,0,2,0
2376,1,9,1
2377,0,2,0
2378,1,2,0
2382,1,6,1
2385,1,10,1
2386,1,4,1
2387,0,8,1
2389,1,1,0
2390,1,8,1
2391,1,2,0
2392,1,4,1
2393,1,3,0
2394,0,5,1
2396,0,4,0
2397,1,8,0
2398,0,1,0
2400,1,8,0
2401,1,1,0
2402,1,7,1
2404,1,10,0
2405,1,3,0
2406,1,1,0
2408,0,1,0
2409,1,9,0
2411,1,5,0
2412,0,4,0
2413,1,3,0
2414,0,7,0
2416,0,2,1
2418,0,1,0
2419,0,3,0
2420,0,2,1
2422,1,2,0
2423,1,8,0
2425,0,7,1
2426,0,5,1
2427,1,10,1
2429,0,3,0
2430,1,1,1
2431,0,4,0
2432,1,1,0
2433,0,1,0
2435,1,1,0
2436,0,1,0
2440,0,1,0
2442,1,9,1
2444,1,6,0
2445,1,5,1
2446,0,3,1
2447,1,5,0
2448,1,8,1
2449,1,8,0
2451,0,1,0
2452,1,5,0
2453,0,7,1
2456,0,6,0
2459,1,5,0
2460,0,4,1
2461,1,1,0
2463,0,5,0
2464,1,9,0
2465,1,7,0
2466,1,8,0
2467,1,6,0
2468,0,1,0
2472,0,8,0
2473,1,6,0
2474,1,7,1
2476,1,8,1
2477,0,6,1
2478,1,3,0
2479,1,7,1
2480,1,1,0
2481,0,1,0
2482,1,1,0
2483,1,5,0
2484,0,1,0
2485,1,2,0
2486,0,6,0
2487,1,5,1
2488,0,1,1
2490,1,5,1
2492,0,7,0
2493,0,6,1
2494,1,7,1
2495,0,5,0
2498,0,2,0
2499,0,7,1
2500,0,4,0
2501,1,2,0
2503,1,5,1
2504,0,2,1
2505,1,8,0
2506,1,5,0
2507,1,6,0
2508,1,7,0
2509,1,5,1
2512,1,7,1
2513,1,10,1
2514,1,9,1
2515,1,10,0
2516,1,3,0
2517,1,3,0
2519,1,7,1
2520,1,3,1
2521,1,5,0
2522,0,2,0
2523,1,3,0
2525,0,2,0
2526,0,1,0
2527,1,9,1
2529,1,2,1
2530,1,6,1
2531,0,2,0
2532,1,7,0
2533,0,6,1
2534,0,1,1
2535,0,1,0
2536,1,10,0
2537,1,2,0
2538,0,1,0
2539,1,7,1
2540,0,3,0
2541,0,2,0
2542,1,6,1
2543,1,8,0
2544,0,9,1
2545,1,4,0
2546,1,4,0
2548,1,6,1
2549,1,1,0
2551,0,2,0
2552,0,1,0
2553,1,3,0
2554,0,2,0
2556,1,7,0
2557,1,8,0
2560,0,9,1
2561,0,10,1
2565,1,8,0
2566,1,9,1
2567,0,6,0
2568,1,9,1
2569,0,2,0
2570,1,5,0
2571,1,8,1
2572,1,5,1
2573,0,6,1
2574,0,7,1
2575,0,6,1
2576,0,5,1
2579,1,1,0
2580,0,1,0
2581,1,7,1
2582,0,3,0
2583,0,3,0
2584,1,7,0
2585,1,4,0
2586,0,1,0
2587,1,9,0
2590,1,2,0
2591,1,6,1
2592,0,3,1
2593,1,5,0
2594,1,1,0
2596,1,10,0
2597,1,4,0
2598,1,7,0
2602,1,2,0
2603,1,7,0
2604,1,6,1
2606,1,9,0
2607,0,1,0
2608,1,3,1
2609,1,7,0
2610,1,2,0
2611,1,2,1
2613,0,1,0
2614,0,4,0
2615,1,1,0
2617,0,9,0
2618,1,9,1
2619,1,3,0
2620,1,9,1
2621,0,7,1
2622,1,8,0
2623,1,2,0
2624,1,2,1
2626,0,4,0
2627,1,2,0
2630,1,6,1
2632,0,1,0
2633,1,9,1
2634,0,6,1
2636,0,1,0
2637,0,8,1
2638,0,4,0
2639,1,2,0
2640,0,4,0
2643,0,1,0
2644,0,3,1
2648,1,2,0
2649,0,1,0
2650,1,1,0
2651,1,2,0
2652,1,7,0
2653,0,1,0
2654,1,7,0
2655,1,3,0
2656,0,1,0
2658,0,3,0
2659,0,1,0
2660,0,7,0
2661,0,7,1
2662,1,4,0
2663,1,2,0
2664,1,8,1
2665,1,10,0
2666,1,5,1
2667,0,5,0
2668,0,4,0
2671,1,8,1
2672,1,9,1
2673,1,2,1
2675,0,5,0
2676,0,4,1
2677,0,5,0
2678,1,3,0
2679,0,2,0
2680,1,8,0
2681,1,3,0
2682,1,2,0
2683,0,1,0
2684,0,1,0
2685,1,5,0
2686,1,6,0
2687,0,1,0
2688,1,1,1
2689,1,2,0
2690,0,1,1
2691,1,1,0
2694,0,8,0
2695,0,3,0
2696,1,4,0
2698,0,1,1
2699,0,9,0
2700,1,4,0
2702,1,7,0
2703,1,7,0
2704,1,2,1
2706,1,5,0
2707,0,7,0
2708,1,6,0
2710,1,4,0
2711,0,1,1
2712,1,5,0
2713,0,2,0
2716,0,5,1
2717,0,2,0
2718,1,3,1
2719,1,4,1
2723,1,6,1
2724,0,2,1
2725,1,3,0
2726,1,9,0
2727,1,9,0
2730,1,6,1
2732,1,7,1
2734,1,2,0
2735,1,10,1
2736,0,4,1
2737,1,8,1
2739,0,7,0
2740,1,3,1
2742,0,7,1
2743,0,2,0
2744,0,1,0
2745,0,7,0
2746,0,1,1
2747,0,7,1
2748,0,1,0
2749,1,5,0
2750,1,7,0
2752,0,5,0
2753,1,9,1
2754,0,9,0
2755,1,5,0
2756,1,5,0
2757,1,1,0
2758,1,2,0
2759,0,7,0
2760,1,5,0
2761,0,1,0
2762,1,7,1
2764,0,4,0
2765,1,2,0
2766,1,8,1
2767,0,1,1
2768,0,2,0
2769,1,5,0
2771,0,1,0
2772,1,8,1
2773,1,7,1
2775,0,7,1
2776,0,6,0
2777,1,3,0
2778,1,5,0
2780,0,1,0
2781,0,4,0
2782,1,9,1
2783,1,6,0
2784,1,1,0
2785,0,2,0
2786,1,4,1
2787,1,5,1
2788,0,1,0
2790,0,4,0
2791,1,7,0
2792,1,10,0
2793,1,10,0
2794,0,4,1
2795,1,7,0
2796,0,2,0
2797,1,2,1
2798,0,1,0
2799,1,8,0
2800,1,7,0
2802,0,1,0
2803,0,1,0
2804,1,4,1
2805,1,7,0
2808,1,3,1
2809,1,3,0
2810,0,1,0
2811,1,10,0
2812,1,6,0
2813,1,10,1
2814,0,3,1
2816,1,3,0
2817,0,9,0
2819,1,10,1
2820,0,1,0
2821,0,4,0
2822,1,7,0
2825,0,3,1
2826,0,7,0
2827,1,6,0
2828,1,7,1
2830,1,1,0
2831,1,4,0
2835,0,6,1
2837,1,1,0
2839,0,7,0
2841,0,5,0
2842,1,3,1
2843,0,1,0
2845,0,7,1
2846,0,1,1
2848,0,8,1
2849,1,8,0
2850,0,1,0
2852,1,8,0
2853,0,3,0
2854,1,9,1
2855,1,3,1
2856,1,6,0
2857,1,9,0
2858,1,8,0
2859,0,8,1
2860,1,1,0
2862,1,6,1
2864,1,4,1
2865,1,4,1
2866,0,1,0
2867,0,2,0
2870,1,7,1
2871,1,9,1
2872,1,1,0
2873,0,9,1
2874,1,2,1
2875,1,9,1
2876,1,8,1
2877,1,4,0
2878,0,4,0
2879,0,3,0
2880,0,3,0
2882,0,5,1
2883,1,8,1
2885,1,8,1
2886,1,7,1
2887,1,1,0
2888,0,6,0
2889,1,4,0
2890,1,7,1
2892,1,1,0
2893,1,8,0
2894,1,2,0
2895,0,4,0
2896,1,4,1
2897,0,7,1
2898,0,3,0
2899,0,9,1
2900,1,7,0
2901,1,9,1
2902,0,1,0
2903,1,1,1
2904,1,1,0
2905,1,3,0
2907,1,6,1
2908,1,5,0
2910,0,4,0
2912,0,3,0
2913,1,10,0
2914,1,9,0
2915,0,4,1
2916,0,7,0
2917,0,4,1
2919,1,10,0
2920,0,1,0
2921,1,10,0
2922,1,7,0
2924,1,7,0
2926,1,3,1
2927,1,5,1
2928,1,2,0
2929,0,3,0
2930,1,10,1
2931,1,2,0
2932,1,2,0
2933,1,8,1
2934,1,3,1
2935,0,1,0
2936,1,4,0
2937,0,5,1
2938,1,1,0
2939,1,6,0
2940,0,4,0
2943,0,1,0
2945,0,1,0
2946,0,3,0
2947,1,3,0
2949,0,1,1
2951,1,4,0
2952,1,3,0
2954,0,4,0
2955,1,2,0
2956,0,5,0
2957,1,4,0
2959,1,7,0
2961,1,5,1
2962,1,1,0
2963,0,4,0
2964,0,2,1
2967,1,10,0
2968,1,3,1
2969,0,1,1
2971,0,1,0
2972,1,1,0
2974,1,5,1
2975,0,3,0
2976,1,5,1
2979,1,8,0
2980,1,4,0
2982,1,9,1
2983,0,4,0
2984,1,3,0
2985,0,1,1
2986,1,6,0
2987,0,8,0
2988,0,1,0
2989,0,1,0
2990,0,1,0
2991,1,3,1
2992,1,1,0
2994,1,2,0
2995,1,9,1
2997,1,9,1
2999,0,6,0
3000,1,7,0
3002,1,2,0
3003,1,4,0
3004,1,8,1
3005,1,6,0
3008,0,2,1
3010,0,1,0
3012,0,1,0
3014,1,7,1
3015,0,1,1
3019,0,2,1
3020,1,9,0
3021,1,8,1
3022,1,5,0
3023,1,9,1
3024,1,7,0
3025,1,5,0
3026,0,4,0
3027,1,1,1
3029,1,10,1
3030,1,3,0
3031,0,10,1
3032,1,4,0
3034,1,1,0
3035,0,4,0
3036,1,1,0
3038,0,3,0
3039,0,1,1
3040,1,1,0
3041,0,3,1
3042,1,1,0
3043,1,7,0
3044,1,2,0
3045,1,10,0
3046,1,4,0
3048,1,1,0
3050,1,9,0
3051,1,1,0
3052,0,5,0
3053,1,2,0
3054,0,4,0
3055,1,2,0
3056,1,3,0
3057,1,7,1
3058,1,5,1
3059,1,2,0
3060,0,2,0
3061,1,7,0
3062,1,1,0
3063,1,1,0
3064,0,1,0
3066,1,4,0
3067,1,10,1
3068,1,7,0
3069,0,2,0
3070,1,1,0
3071,1,2,1
3072,1,5,0
3074,0,1,0
3075,0,1,0
3076,0,1,0
3077,0,1,0
3078,0,2,0
3079,1,4,0
3080,1,1,0
3081,1,2,1
3082,0,1,0
3083,1,8,0
3084,1,4,0
3085,1,5,0
3087,1,7,1
3089,1,4,0
3090,1,6,0
3091,0,3,0
3092,1,2,0
3093,0,5,0
3094,1,10,1
3095,0,1,0
3096,1,1,1
3099,0,1,0
3101,1,2,0
3102,1,3,0
3105,0,4,0
3106,0,2,0
3107,0,1,0
3108,0,3,0
3109,0,2,0
3110,0,4,1
3112,1,8,1
3115,1,4,0
3116,1,10,1
3117,1,6,1
3118,1,4,1
3119,1,8,0
3121,0,1,0
3122,0,4,1
3123,1,7,0
3124,1,9,0
3125,0,2,0
3127,1,1,0
3128,0,5,0
3129,1,2,0
3130,1,6,1
3133,0,5,0
3134,1,4,1
3135,1,8,0
3136,0,1,0
3137,0,8,1
3138,1,6,1
3140,0,3,0
3141,0,1,0
3142,0,10,0
3143,0,8,1
3144,1,7,1
3145,1,5,1
3147,1,6,0
3149,1,4,0
3150,1,4,0
3152,0,8,0
3153,0,3,0
3156,0,1,0
3157,0,4,0
3158,1,9,0
3159,0,2,0
3160,1,6,1
3162,0,7,1
3163,0,3,0
3164,1,6,1
3165,0,5,1
3166,0,2,1
3168,1,10,1
3169,0,1,0
3170,1,8,1
3171,1,8,0
3173,0,1,0
3175,0,1,1
3176,1,5,0
3177,1,2,1
3178,0,8,1
3180,1,10,0
3181,0,7,1
3182,1,5,0
3183,1,4,1
3186,0,3,0
3189,1,9,1
3190,1,3,0
3191,1,4,0
3192,0,1,0
3194,0,9,0
3195,1,8,0
3196,0,10,0
3200,1,1,1
3201,0,2,0
3202,1,1,0
3203,0,8,0
3205,0,1,0
3206,1,6,0
3208,1,2,0
3209,1,6,1
3211,1,1,0
3212,1,7,1
3215,0,1,0
3216,0,6,0
3217,0,2,0
3219,1,1,0
3220,1,7,0
3221,1,9,0
3222,1,7,0
3223,0,9,1
3224,1,5,0
3225,1,9,1
3226,1,8,1
3227,0,6,1
3228,1,10,0
3229,0,5,0
3230,1,4,0
3232,1,1,0
3234,0,1,0
3236,1,10,1
3237,0,1,0
3238,1,10,1
3239,1,9,0
3240,1,7,0
3241,0,9,0
3242,1,7,0
3243,1,8,1
3245,1,4,0
3246,0,3,0
3247,0,6,0
3248,0,1,1
3249,1,3,0
3250,0,1,0
3251,0,2,0
3252,1,3,0
3255,1,2,1
3258,1,5,0
3260,1,6,1
3261,0,1,0
3262,1,6,1
3263,0,2,0
3265,0,1,0
3266,1,6,0
3267,1,2,0
3268,0,7,1
3269,1,2,0
3270,1,10,1
3272,1,10,1
3273,1,9,1
3274,1,6,0
3276,1,1,0
3277,0,2,0
3278,1,10,1
3279,1,6,0
3280,1,5,1
3281,0,4,1
3282,0,2,0
3283,0,1,0
3284,0,9,1
3285,1,5,1
3287,1,8,1
3288,1,4,1
3289,1,6,0
3290,1,4,0
3291,1,2,1
3293,0,3,0
3296,0,3,0
3298,0,5,0
3299,1,2,1
3300,0,7,1
3301,1,2,0
3302,0,5,1
3304,1,2,0
3305,0,2,1
3306,0,3,0
3307,0,1,0
3308,0,1,0
3309,0,5,1
3311,0,1,0
3312,0,1,0
3313,0,5,0
3314,0,4,0
3315,0,1,0
3316,0,8,1
3317,0,9,0
3318,0,6,0
3319,0,2,0
3320,0,4,0
3322,1,4,1
3323,1,8,1
3324,0,1,0
3326,1,10,0
3327,0,1,0
3328,1,6,1
3329,0,4,1
3330,0,3,0
3331,1,10,1
3332,1,1,0
3333,0,1,1
3336,1,3,0
3337,1,8,1
3338,1,6,0
3339,0,1,0
3340,1,7,1
3341,1,6,0
3342,1,1,1
3343,1,3,1
3344,1,7,1
3345,0,3,0
3346,1,8,0
3347,1,3,1
3348,0,4,1
3349,1,3,1
3350,1,1,0
3351,1,4,1
3352,0,2,0
3354,1,2,1
3355,0,1,0
3356,0,1,0
3357,1,4,0
3358,1,1,0
3359,1,9,1
3360,1,7,1
3362,1,9,1
3365,0,1,0
3366,1,8,0
3367,0,4,0
3368,1,1,0
3369,1,9,1
3371,1,3,0
3373,0,1,0
3374,0,1,0
3378,1,6,0
3380,1,4,0
3381,1,2,1
3382,1,2,0
3383,1,5,1
3384,0,8,0
3386,0,5,1
3387,1,1,1
3388,1,4,0
3390,0,1,0
3391,1,8,1
3392,0,1,0
3393,1,6,1
3394,0,8,1
3396,1,5,0
3398,1,10,1
3399,1,10,0
3401,1,1,1
3402,1,6,0
3403,1,4,1
3404,1,1,0
3405,1,2,0
3406,0,8,1
3407,0,1,0
3408,0,3,1
3409,1,6,0
3410,1,3,0
3411,0,2,0
3412,0,2,0
3413,0,4,1
3415,1,5,1
3416,0,6,0
3417,0,3,0
3418,1,2,1
3419,1,5,1
3420,1,2,0
3421,1,3,0
3422,0,5,1
3423,0,2,0
3426,1,10,1
3427,0,1,0
3429,1,6,1
3431,1,2,0
3432,1,3,0
3434,1,10,1
3435,1,1,0
3436,0,1,0
3437,0,6,0
3438,0,6,1
3439,0,1,0
3440,1,8,1
3441,0,7,1
3442,1,8,1
3443,1,1,0
3444,0,2,1
3445,0,3,0
3446,1,6,1
3448,1,7,1
3449,1,8,1
3450,1,3,0
3451,0,2,0
3452,1,1,0
3453,1,3,1
3454,1,3,1
3455,1,3,0
3456,1,8,1
3457,1,1,0
3458,0,2,0
3459,1,1,0
3460,1,6,1
3461,0,1,0
3462,0,1,1
3463,0,3,0
3464,0,5,1
3466,1,7,0
3467,1,6,0
3470,1,2,1
3473,1,2,0
3474,0,3,1
3475,0,5,0
3476,1,8,1
3477,0,2,0
3478,1,7,0
3479,1,10,1
3480,1,2,0
3481,1,4,1
3482,0,5,0
3483,0,1,0
3484,1,7,1
3485,1,2,1
3486,1,7,0
3488,0,1,0
3489,1,9,0
3490,1,5,0
3492,1,7,0
3493,1,2,0
3494,1,10,0
3495,1,6,0
3496,1,1,0
3497,1,1,0
3498,1,4,1
3499,1,10,1
3500,0,6,0
3501,1,10,1
3503,1,8,0
3504,1,4,0
3505,1,9,0
3506,1,8,0
3508,1,5,0
3509,1,8,0
3510,0,9,1
3511,0,3,0
3512,1,7,1
3515,0,1,0
3518,1,9,0
3519,1,3,1
3520,0,3,0
3521,1,10,1
3522,1,9,0
3523,0,1,0
3525,0,2,0
3526,0,1,0
3528,1,3,0
3531,0,3,0
3533,0,10,1
3534,0,1,0
3535,0,2,0
3536,0,2,1
3537,1,6,0
3538,1,2,0
3539,1,5,0
3540,0,2,1
3542,0,6,1
3543,0,1,1
3544,1,2,1
3545,1,1,0
3547,1,4,0
3548,0,2,0
3549,1,10,0
3550,1,7,1
3551,1,6,1
3552,0,3,0
3553,0,5,0
3554,0,1,0
3555,1,8,0
3560,0,3,0
3561,0,9,0
3562,1,1,0
3563,1,7,1
3564,1,7,1
3566,0,9,0
3567,1,10,0
3568,0,7,0
3569,1,3,0
3570,0,1,1
3571,0,8,1
3572,1,1,0
3573,1,1,0
3574,1,3,1
3575,1,1,0
3576,0,2,0
3577,1,3,0
3579,0,2,0
3580,0,8,0
3581,0,5,0
3583,0,10,0
3584,0,5,0
3585,0,1,1
3586,1,1,0
3589,1,7,0
3590,0,3,0
3593,0,4,0
3594,1,4,1
3596,0,1,0
3597,0,5,1
3598,1,1,0
3601,1,7,1
3602,1,8,1
3603,1,6,1
3605,1,1,0
3606,0,1,0
3610,1,6,0
3611,0,6,0
3612,1,5,0
3613,0,8,0
3614,1,9,1
3615,1,6,0
3616,1,7,1
3617,1,1,0
3618,0,8,1
3619,1,2,0
3620,0,1,0
3622,1,10,1
3623,0,8,0
3624,1,7,1
3625,1,1,0
3626,0,7,0
3627,0,7,0
3628,1,6,1
3629,1,7,1
3630,0,1,0
3631,0,1,0
3634,0,3,0
3635,1,4,0
3636,1,6,0
3637,0,1,0
3639,1,2,0
3640,1,7,0
3641,0,6,0
3642,1,4,1
3643,1,6,1
3645,0,1,0
3646,0,7,1
3647,1,3,0
3648,1,6,1
3649,1,8,1
3652,1,4,1
3653,1,2,0
3655,1,4,0
3656,1,9,0
3657,1,4,0
3659,0,1,0
3661,1,6,1
3662,1,7,0
3663,1,6,1
3665,1,5,0
3666,1,2,0
3667,1,5,0
3669,0,7,1
3670,1,2,0
3671,0,1,0
3672,1,9,0
3674,1,2,0
3675,1,6,1
3676,1,5,0
3677,1,5,0
3678,0,2,0
3679,0,3,1
3680,0,4,0
3681,1,9,0
3682,1,4,0
3684,1,7,1
3686,1,5,0
3687,1,1,1
3689,1,1,0
3690,0,3,0
3692,1,2,1
3693,1,2,0
3694,0,2,0
3695,1,3,0
3696,1,9,1
3697,0,1,0
3698,0,1,0
3699,0,2,0
3700,1,4,1
3701,1,4,0
3702,0,8,1
3703,0,1,0
3706,1,1,0
3707,0,1,0
3709,1,1,0
3710,1,7,1
3711,0,2,1
3713,1,6,1
3714,0,1,0
3715,1,2,0
3717,0,5,0
3718,0,1,0
3719,1,9,0
3720,0,9,1
3721,0,1,0
3722,1,7,1
3723,0,3,0
3725,1,8,1
3727,0,9,0
3729,1,1,0
3731,1,10,0
3732,1,1,0
3733,0,5,0
3734,1,4,0
3735,1,2,0
3736,0,2,0
3737,0,2,0
3738,0,9,0
3739,0,1,0
3740,1,4,0
3741,1,5,0
3742,1,8,1
3743,1,4,0
3744,1,1,0
3745,0,6,1
3746,1,4,0
3747,0,6,0
3748,0,2,0
3749,1,8,1
3750,1,7,0
3751,1,10,1
3752,1,10,0
3754,1,6,1
3755,1,1,0
3757,0,2,1
3758,1,2,0
3759,1,8,0
3760,1,1,0
3761,1,5,1
3763,1,9,1
3765,0,9,1
3766,0,2,1
3767,0,5,1
3768,1,1,0
3769,0,1,0
3771,1,9,1
3772,0,5,1
3774,0,1,0
3775,1,2,0
3776,0,1,0
3777,0,3,0
3778,0,2,1
3779,1,5,0
3780,0,3,0
3781,1,5,0
3782,1,10,1
3783,0,1,0
3784,0,9,0
3785,0,3,1
3786,0,1,0
3787,1,7,1
3788,0,4,0
3789,0,1,0
3790,0,3,0
3791,0,4,0
3792,0,4,0
3793,0,4,1
3794,1,7,1
3795,0,1,0
3796,1,3,0
3797,1,6,1
3798,1,5,0
3799,1,2,0
3800,1,7,1
3801,0,1,0
3802,1,1,1
3804,1,1,0
3805,0,2,1
3807,0,5,1
3808,0,8,0
3809,0,4,1
3810,0,4,0
3811,1,2,1
3812,1,5,1
3813,0,4,0
3814,1,4,0
3815,1,1,0
3817,1,8,1
3818,1,4,0
3819,1,6,0
3821,1,3,0
3822,1,6,0
3824,1,5,1
3825,0,2,0
3826,1,9,1
3827,1,6,0
3828,0,6,1
3830,1,2,0
3831,0,8,1
3833,1,2,0
3835,0,1,0
3836,0,3,0
3837,0,4,0
3838,1,1,0
3839,1,3,1
3840,1,10,0
3841,0,2,0
3844,1,4,0
3847,1,7,1
3848,1,8,1
3850,1,5,0
3851,1,7,0
3853,1,5,0
3854,1,3,1
3856,1,3,0
3857,1,2,0
3858,1,6,1
3860,0,1,0
3861,1,6,0
3862,0,1,0
3863,0,2,0
3864,0,1,0
3865,1,10,0
3867,1,5,0
3869,1,4,0
3870,1,10,1
3872,0,4,0
3874,0,1,0
3875,0,8,0
3877,1,7,0
3879,0,2,0
3880,1,6,1
3881,1,5,1
3882,0,3,0
3883,0,1,0
3884,0,3,1
3885,0,1,1
3887,1,4,0
3889,1,7,0
3891,1,8,1
3892,0,5,0
3897,0,3,1
3898,0,1,0
3899,1,8,1
3900,1,1,0
3901,1,9,0
3902,0,4,0
3903,1,9,1
3904,1,2,0
3905,1,1,0
3906,1,8,1
3909,0,8,1
3910,1,5,1
3913,0,3,0
3914,0,6,0
3915,0,4,0
3916,0,3,0
3917,1,3,1
3918,1,1,1
3922,0,1,0
3923,1,1,0
3924,1,6,1
3925,1,3,1
3927,1,7,0
3929,1,4,1
3930,0,2,0
3931,0,5,0
3933,1,9,1
3934,1,5,1
3935,1,6,0
3936,1,10,1
3937,1,4,0
3938,0,6,0
3939,1,10,1
3940,1,4,0
3941,0,3,0
3942,1,1,1
3943,1,4,0
3945,0,9,0
3946,1,2,1
3948,1,5,0
3950,0,9,1
3951,0,7,0
3952,0,4,0
3954,1,7,0
3956,0,3,0
3958,0,1,0
3960,1,2,0
3962,1,5,0
3963,0,1,0
3964,1,8,0
3965,0,1,0
3966,1,8,1
3968,1,2,0
3969,1,10,1
3972,0,7,0
3973,0,1,1
3974,1,3,0
3975,0,2,0
3976,1,7,1
3977,0,1,0
3979,0,3,0
3980,1,7,1
3981,1,5,1
3982,1,1,0
3984,0,7,0
3986,1,10,0
3987,0,5,1
3988,1,3,1
3990,1,4,1
3995,1,3,1
3997,1,7,1
3998,1,1,1
3999,1,1,0
4000,1,9,1
4001,1,5,1
4002,1,5,0
4003,0,2,0
4004,1,3,0
4005,0,2,0
4006,0,1,0
4007,1,10,1
4008,1,8,0
4009,0,2,0
4010,1,6,0
4011,0,6,0
4012,1,7,0
4013,0,9,1
4014,1,8,1
4016,0,7,0
4018,1,1,0
4019,0,2,0
4021,1,1,0
4023,0,1,0
4024,1,8,1
4025,1,3,0
4028,1,4,0
4030,0,2,0
4031,1,1,0
4032,0,4,0
4033,1,8,0
4034,0,2,0
4035,1,3,1
4036,1,5,0
4037,0,8,1
4038,0,6,1
4041,1,7,0
4042,0,1,0
4044,0,3,0
4045,0,3,1
4046,1,4,0
4048,0,8,1
4049,0,6,1
4050,1,2,0
4052,1,5,0
4054,1,3,0
4055,1,8,0
4056,0,2,0
4059,1,5,1
4060,1,2,1
4061,0,1,0
4062,0,2,1
4063,0,4,1
4064,0,4,0
4065,0,4,1
4066,0,7,0
4067,0,4,1
4068,0,1,0
4069,0,4,1
4070,1,1,0
4072,1,1,0
4073,0,2,0
4074,0,1,0
4075,1,5,0
4076,1,6,0
4077,1,8,0
4079,0,1,0
4080,1,5,0
4081,0,3,0
4082,0,5,1
4084,1,9,0
4085,0,3,0
4086,1,10,1
4087,1,6,0
4088,1,3,0
4098,1,4,1
4099,1,4,0
4100,0,8,1
4101,1,10,1
4104,1,1,1
4105,0,9,1
4106,0,6,1
4107,1,2,0
4108,1,9,1
4109,1,4,0
4111,1,8,0
4112,1,3,0
4113,0,6,0
4116,1,2,1
4117,0,1,0
4118,0,6,1
4119,0,6,1
4120,0,1,0
4122,0,6,0
4123,0,1,0
4125,1,5,0
4126,1,2,1
4127,1,8,1
4128,1,4,1
4130,0,1,0
4132,1,7,0
4133,1,8,0
4134,1,6,1
4135,1,3,1
4136,1,5,0
4137,0,8,1
4139,1,8,1
4141,1,6,0
4142,1,2,0
4143,1,1,0
4144,1,9,0
4145,1,10,1
4146,1,5,1
4148,1,5,0
4149,0,1,0
4150,1,4,0
4151,0,3,0
4153,1,3,0
4154,1,1,0
4155,1,9,1
4157,1,4,1
4158,1,10,1
4159,0,2,1
4160,0,5,1
4161,1,1,1
4162,1,10,1
4164,0,4,1
4165,1,7,0
4166,1,3,0
4167,1,4,0
4168,0,4,0
4169,0,3,1
4170,0,9,1
4171,1,7,0
4174,0,6,0
4176,1,1,0
4178,0,3,0
4179,1,3,1
4181,1,10,1
4182,0,5,0
4183,0,1,0
4184,0,10,1
4186,0,1,0
4187,0,1,1
4188,0,2,0
4189,1,10,1
4190,1,6,1
4192,1,8,1
4194,1,8,0
4195,1,6,1
4196,1,3,0
4197,1,2,0
4198,1,9,1
4199,0,4,0
4202,1,6,1
4203,0,4,0
4204,1,3,0
4205,0,4,1
4207,1,10,1
4208,1,9,0
4209,1,10,0
4214,0,1,0
4215,1,6,0
4216,1,3,0
4217,0,5,1
4218,0,1,0
4219,1,1,0
4221,1,5,0
4223,1,9,1
4224,1,1,0
4225,1,9,1
4226,0,4,1
4228,0,8,1
4229,0,8,1
4232,1,5,1
4233,1,1,0
4235,1,9,1
4236,1,2,1
4238,1,7,1
4242,0,1,0
4243,1,8,0
4244,0,1,1
4245,1,3,0
4247,1,6,0
4249,1,7,0
4250,1,3,0
4251,1,6,0
4252,0,1,0
4253,1,10,0
4254,1,6,0
4255,0,5,0
4256,1,9,1
4257,1,7,1
4258,0,2,0
4259,1,10,0
4260,1,5,0
4261,1,8,0
4262,1,4,1
4263,0,1,0
4265,1,8,0
4268,0,3,0
4269,1,9,1
4270,1,4,0
4271,1,10,0
4272,0,1,0
4274,1,8,1
4275,0,3,0
4276,1,4,1
4277,1,10,0
4278,0,7,0
4279,1,5,0
4281,1,4,0
4283,1,7,1
4285,1,7,0
4287,0,3,0
4288,0,1,0
4289,0,2,0
4290,1,1,0
4291,1,1,0
4295,0,4,0
4297,0,9,1
4300,0,1,0
4303,1,8,0
4306,1,10,1
4307,1,8,1
4310,0,5,1
4311,1,8,1
4312,0,3,0
4313,1,8,0
4314,1,7,1
4315,1,4,1
4316,1,9,1
4317,1,6,0
4318,1,7,0
4319,0,4,0
4320,1,9,0
4321,1,6,0
4323,1,3,1
4324,0,5,0
4326,1,5,0
4327,0,3,0
4328,1,8,1
4329,1,10,0
4330,1,6,1
4331,1,8,1
4332,0,7,1
4335,1,9,0
4336,1,4,0
4337,0,1,0
4338,1,2,0
4340,1,2,1
4342,1,8,1
4343,0,3,0
4344,1,1,0
4345,1,3,0
4346,0,2,1
4348,1,6,1
4349,1,7,0
4350,0,9,0
4351,1,9,0
4352,0,1,0
4353,0,1,1
4355,1,10,0
4356,0,2,0
4357,1,7,1
4359,1,5,0
4360,0,1,0
4361,1,5,0
4364,0,1,0
4366,0,9,0
4367,1,6,1
4369,1,1,0
4370,1,9,0
4371,0,1,0
4372,1,5,1
4373,1,2,0
4374,0,3,0
4375,0,5,1
4377,1,8,1
4378,0,4,1
4379,0,1,0
4380,1,8,0
4381,0,1,0
4382,1,6,0
4383,1,7,1
4384,1,9,1
4385,1,3,1
4387,1,9,1
4388,0,3,1
4389,0,6,0
4390,0,1,0
4391,1,2,0
4393,1,4,1
4394,1,5,0
4395,1,3,0
4396,0,2,1
4397,1,4,1
4399,1,2,0
4400,0,1,0
4401,1,2,0
4403,1,7,0
4404,1,10,1
4405,1,8,0
4407,0,1,1
4408,1,1,0
4409,0,10,1
4411,0,3,0
4412,1,10,0
4414,0,2,0
4415,1,1,1
4416,0,2,0
4418,0,4,0
4419,0,3,1
4420,0,3,0
4421,1,2,1
4422,1,9,0
4423,0,3,0
4426,0,2,0
4427,0,9,0
4429,0,2,0
4431,0,1,1
4432,0,7,0
4434,0,7,1
4436,1,10,1
4437,0,1,0
4438,0,1,0
4439,0,5,0
4440,1,2,1
4441,0,2,0
4442,0,9,0
4443,0,5,0
4444,0,10,0
4445,1,5,0
4446,1,6,0
4447,1,3,1
4448,1,4,0
4450,1,3,0
4451,0,1,0
4452,1,9,1
4453,1,9,1
4457,1,4,1
4459,1,4,0
4460,0,1,0
4461,0,1,0
4462,1,3,0
4463,0,2,1
4464,1,2,0
4466,1,7,1
4467,0,2,0
4469,0,1,0
4471,0,1,0
4473,1,1,1
4475,1,2,0
4476,1,8,1
4478,1,8,0
4479,1,1,0
4480,0,9,1
4481,1,7,0
4483,1,7,1
4485,1,3,1
4486,0,8,1
4489,1,6,0
4490,1,2,0
4491,1,4,1
4492,1,4,0
4493,1,9,0
4494,1,1,0
4495,1,3,0
4496,1,3,0
4497,1,4,0
4498,0,7,1
4499,1,5,0
4501,1,10,1
4503,1,2,1
4504,1,9,1
4505,0,6,0
4507,0,1,0
4508,1,5,1
4509,1,7,1
4510,0,1,1
4511,1,1,0
4512,1,8,1
4514,1,7,0
4515,1,7,0
4516,0,1,1
4517,1,4,0
4518,1,3,1
4519,0,1,0
4520,1,6,1
4521,0,5,0
4524,0,4,0
4526,0,5,1
4528,1,1,0
4529,1,3,0
4531,0,1,0
4532,1,8,0
4533,0,6,1
4534,1,2,0
4535,0,1,0
4536,0,1,0
4537,1,4,0
4538,1,9,0
4540,0,4,0
4541,0,2,0
4543,0,2,0
4544,1,5,1
4545,1,3,0
4546,1,1,1
4548,0,5,0
4549,1,3,0
4550,1,8,1
4552,1,2,0
4556,1,4,0
4557,0,5,0
4558,0,1,0
4559,1,6,1
4562,1,5,0
4563,1,5,1
4565,0,1,0
4566,1,4,0
4567,1,2,0
4568,0,2,1
4569,0,5,0
4571,1,3,0
4572,1,1,0
4573,0,1,0
4574,0,8,1
4575,1,4,0
4576,0,3,0
4578,1,1,0
4579,1,4,1
4580,1,10,1
4582,1,8,0
4583,0,6,0
4584,0,1,0
4585,1,1,0
4587,0,7,1
4588,1,3,1
4591,0,9,0
4592,1,10,1
4594,0,3,0
4595,1,7,1
4596,1,1,1
4598,1,10,1
4599,1,2,1
4600,1,9,0
4601,0,8,0
4602,0,5,0
4603,1,3,1
4606,1,4,0
4608,1,10,1
4609,0,1,0
4610,1,9,1
4611,1,1,0
4612,0,7,1
4613,1,3,0
4614,1,9,0
4615,1,6,0
4616,1,9,1
4617,0,2,1
4618,1,6,0
4620,0,2,0
4621,1,1,0
4624,1,8,1
4625,0,6,0
4627,0,1,1
4628,0,9,0
4629,0,1,1
4631,1,10,1
4632,0,8,0
4633,0,3,0
4634,0,4,1
4635,1,2,0
4636,1,6,1
4637,1,1,1
4638,1,8,0
4640,1,10,1
4641,0,4,0
4642,0,8,0
4643,1,10,1
4646,1,7,0
4647,0,6,0
4648,0,1,0
4650,0,3,0
4651,1,8,0
4652,1,9,1
4653,1,8,0
4655,0,8,0
4656,1,2,0
4657,0,2,1
4658,1,6,0
4659,0,1,0
4660,1,8,0
4661,1,2,0
4662,0,2,0
4663,0,6,1
4664,0,4,0
4665,1,4,0
4666,1,7,0
4667,1,5,1
4668,0,1,0
4669,0,4,0
4670,0,3,0
4672,0,8,1
4673,1,8,1
4674,1,3,1
4676,0,1,0
4678,1,3,0
4679,0,2,0
4681,1,10,1
4682,0,2,0
4684,0,10,1
4685,1,6,1
4686,1,1,0
4690,1,2,0
4691,0,2,0
4692,0,1,0
4694,0,4,0
4697,1,3,0
4698,1,6,0
4699,1,4,1
4701,0,10,0
4702,1,9,0
4704,0,3,1
4705,1,3,1
4706,0,2,1
4707,1,9,1
4708,1,2,0
4709,1,1,0
4710,0,4,1
4711,1,1,0
4712,1,2,0
4713,0,6,0
4714,0,3,0
4715,1,8,1
4717,0,1,0
4718,0,1,0
4719,0,1,0
4721,1,5,1
4722,0,5,0
4724,1,1,1
4725,1,10,1
4727,0,4,0
4730,0,2,1
4731,1,5,1
4732,1,5,1
4734,1,1,0
4735,1,7,0
4736,1,4,0
4737,1,4,0
4738,1,5,0
4739,1,9,1
4740,1,1,0
4741,0,4,0
4742,1,2,0
4744,0,3,0
4745,0,5,0
4746,1,3,0
4747,1,7,1
4748,1,3,0
4749,0,1,0
4750,0,4,0
4752,0,3,0
4754,1,1,0
4755,1,7,1
4757,1,2,1
4760,0,2,1
4762,1,6,0
4763,0,3,0
4765,0,1,0
4766,0,9,1
4767,0,2,0
4768,0,5,0
4769,0,3,0
4770,0,5,0
4771,0,5,0
4772,1,10,0
4773,1,7,0
4774,0,1,0
4775,0,5,1
4776,1,2,1
4778,0,1,1
4779,0,1,0
4780,0,6,0
4781,0,6,0
4782,1,6,0
4783,0,4,1
4784,1,8,0
4785,1,1,0
4786,1,9,0
4787,1,2,0
4789,1,7,1
4790,0,8,0
4792,1,9,0
4793,0,3,1
4794,1,7,1
4797,0,4,0
4798,1,2,0
4800,1,10,1
4802,0,5,0
4805,1,7,1
4808,1,8,1
4809,0,7,1
4810,1,1,0
4811,0,2,0
4812,0,9,0
4813,1,10,0
4814,1,3,0
4815,1,6,0
4816,1,7,0
4817,1,3,1
4818,0,1,1
4820,1,8,1
4821,1,10,1
4822,1,10,0
4824,1,8,1
4825,1,3,1
4827,1,1,0
4828,0,6,0
4829,1,10,0
4830,0,1,0
4831,0,4,0
4833,0,5,0
4834,1,5,0
4835,1,10,0
4837,0,1,0
4838,1,3,0
4839,1,8,0
4841,0,1,0
4842,1,2,0
4845,1,2,1
4846,1,3,0
4847,0,4,1
4849,0,1,0
4851,1,6,1
4852,1,3,0
4853,0,1,1
4855,1,1,0
4856,1,2,0
4857,1,5,1
4858,1,3,0
4860,1,2,0
4861,1,8,1
4863,1,8,0
4864,1,6,0
4866,1,6,1
4867,1,8,0
4869,1,1,0
4870,0,2,0
4871,0,3,1
4872,1,3,0
4873,1,6,1
4874,0,2,0
4877,0,3,1
4879,1,4,1
4880,0,7,0
4881,1,6,0
4882,1,10,0
4883,0,5,0
4884,0,1,0
4885,1,2,0
4886,1,2,1
4887,0,5,1
4888,1,3,1
4889,1,8,0
4890,1,2,1
4891,0,4,0
4892,1,2,0
4893,1,10,0
4896,0,2,0
4897,0,8,1
4898,1,10,0
4899,0,1,0
4905,1,7,0
4906,1,9,1
4907,1,9,1
4911,1,9,0
4913,1,2,0
4914,1,8,1
4915,1,5,0
4916,0,3,0
4918,0,8,0
4920,1,1,0
4924,0,1,0
4925,0,1,0
4927,1,7,1
4929,1,7,1
4930,1,7,0
4931,0,1,1
4932,1,8,1
4933,1,8,0
4934,0,2,0
4935,1,10,1
4936,1,2,1
4938,1,4,0
4939,1,8,1
4940,1,10,1
4942,1,3,0
4943,1,9,1
4944,1,8,1
4945,0,5,1
4946,1,8,0
4947,1,8,1
4948,0,4,0
4949,0,4,0
4950,1,4,1
4952,1,4,1
4953,1,2,1
4955,1,9,1
4956,1,8,0
4958,0,4,1
4960,0,6,1
4963,0,5,0
4964,1,8,1
4966,0,4,0
4967,1,6,1
4968,1,2,0
4969,1,4,0
4970,1,2,0
4971,1,7,1
4973,1,9,1
4974,1,9,0
4975,0,1,0
4976,0,5,0
4977,0,7,1
4978,1,3,0
4979,1,8,1
4980,0,3,0
4981,0,2,0
4982,0,1,0
4983,0,5,1
4984,1,2,0
4985,1,5,0
4986,1,2,0
4988,1,9,0
4990,0,5,1
4991,1,3,1
4992,1,6,1
4994,0,4,1
4996,0,1,0
4998,0,2,0
4999,1,8,1
5000,1,1,0
5001,1,2,1
5002,0,1,0
5003,1,8,1
5004,1,2,1
5007,1,3,0
5008,1,3,0
5009,0,2,0
5010,1,9,1
5011,1,5,0
5012,0,1,0
5014,1,8,1
5015,0,2,1
5016,1,5,0
5017,0,5,1
5018,1,10,0
5019,1,9,1
5020,1,7,0
5021,0,9,0
5022,1,4,1
5023,0,4,1
5025,1,4,1
5026,1,1,0
5027,1,4,1
5029,0,3,0
5030,0,5,0
5031,0,2,0
5032,1,3,0
5033,1,1,0
5034,0,1,0
5035,0,5,0
5036,1,10,0
5037,0,9,0
5038,1,8,0
5039,1,4,0
5040,0,8,0
5041,0,8,0
5042,1,7,1
5043,0,9,1
5044,1,5,0
5045,0,10,0
5046,1,7,0
5047,1,2,0
5048,1,5,1
5049,0,2,0
5050,1,4,0
5051,0,3,0
5052,0,4,0
5053,1,7,1
5054,1,4,1
5057,1,1,0
5058,1,10,1
5059,0,7,0
5060,1,5,1
5061,1,4,1
5062,0,6,1
5064,0,2,1
5065,0,4,0
5067,1,6,1
5068,0,7,0
5069,1,10,1
5070,0,6,0
5071,1,2,0
5072,0,2,0
5074,1,1,1
5075,1,10,1
5076,0,5,0
5077,0,7,0
5078,1,7,0
5079,0,2,0
5081,0,4,0
5082,0,4,0
5086,0,1,1
5087,0,2,0
5088,0,6,1
5092,0,7,0
5093,0,9,0
5094,1,5,0
5095,1,4,0
5096,1,4,0
5097,0,3,0
5098,1,9,1
5099,1,3,0
5100,0,4,1
5101,1,5,1
5102,1,7,0
5104,0,2,0
5105,1,7,0
5106,0,5,1
5107,1,10,1
5108,0,1,0
5112,1,7,1
5113,1,4,1
5114,0,7,1
5115,0,1,0
5116,1,7,1
5117,1,9,1
5119,1,9,1
5120,1,1,0
5121,1,2,0
5122,1,8,1
5123,1,3,1
5124,1,10,0
5125,0,9,0
5126,1,4,0
5127,0,4,0
5129,1,8,0
5130,1,1,0
5131,1,5,1
5132,1,7,0
5133,1,1,1
5134,0,9,1
5135,1,9,0
5137,1,1,1
5138,0,7,1
5140,1,1,1
5141,1,6,1
5142,1,3,0
5143,0,6,0
5144,1,1,0
5145,1,4,1
5146,0,4,0
5148,0,3,1
5149,1,8,1
5150,1,1,0
5151,0,2,0
5152,1,10,1
5153,1,8,1
5154,1,10,1
5155,1,10,1
5156,1,1,0
5157,1,7,0
5158,1,1,0
5159,0,9,0
5160,1,7,1
5162,0,3,0
5164,1,6,0
5166,0,9,0
5167,0,8,0
5168,1,10,1
5171,0,1,0
5172,1,7,0
5173,1,3,1
5174,1,2,0
5175,0,1,0
5176,1,2,0
5178,1,5,0
5179,1,8,1
5181,0,1,0
5182,0,1,0
5183,1,4,0
5184,1,4,0
5185,1,2,0
5186,1,8,0
5187,0,2,0
5188,1,7,1
5189,0,4,0
5192,1,4,1
5193,1,6,1
5194,1,1,0
5195,1,6,0
5198,0,4,0
5199,1,7,0
5200,1,6,0
5201,1,4,1
5203,1,7,1
5204,1,8,0
5205,0,9,1
5207,0,8,1
5208,1,6,1
5209,0,3,0
5210,1,4,0
5212,1,5,0
5214,0,5,0
5215,0,2,0
5216,1,1,1
5217,1,1,1
5218,0,3,0
5219,0,5,1
5221,1,7,0
5222,1,3,1
5223,1,5,1
5224,1,8,1
5225,1,7,1
5226,1,10,0
5229,0,1,0
5232,0,7,1
5233,1,1,0
5235,0,1,0
5237,1,9,0
5238,1,4,0
5239,1,2,0
5241,0,2,0
5243,1,9,1
5244,0,1,0
5246,0,1,0
5247,1,6,1
5249,1,4,0
5250,0,1,0
5251,0,3,0
5253,0,7,1
5255,1,1,0
5256,0,7,0
5257,1,1,0
5258,0,3,0
5260,1,3,0
5261,0,1,1
5262,0,1,0
5263,1,10,1
5265,1,8,1
5266,0,3,0
5267,0,5,0
5268,1,10,0
5269,1,2,0
5270,1,4,0
5271,0,4,1
5272,0,1,0
5273,0,6,0
5274,1,9,1
5277,0,4,0
5278,0,8,1
5280,0,5,1
5282,0,9,1
5283,1,7,0
5284,0,8,0
5286,1,3,0
5288,0,4,1
5289,1,5,1
5290,0,1,0
5291,0,4,0
5292,1,5,0
5293,1,7,0
5294,1,4,0
5295,1,4,1
5297,1,8,1
5298,0,4,0
5299,1,6,0
5300,1,8,0
5301,1,6,1
5302,1,3,0
5303,1,5,0
5304,0,3,0
5305,1,4,0
5307,1,4,0
5309,0,4,0
5310,1,4,0
5311,0,2,0
5312,0,5,1
5313,0,1,1
5314,1,2,0
5316,1,3,1
5317,1,9,0
5319,0,1,0
5321,0,7,1
5322,0,1,0
5323,1,1,0
5324,0,1,1
5325,1,2,0
5326,0,4,1
5327,0,1,1
5328,0,1,0
5330,1,1,1
5331,1,1,0
5332,0,3,0
5333,1,3,0
5334,1,7,0
5335,0,2,0
5336,1,6,0
5337,1,2,1
5338,0,1,0
5339,0,6,1
5340,0,1,0
5341,0,1,1
5342,0,5,0
5344,0,1,0
5346,1,7,0
5347,1,6,0
5348,1,1,1
5349,0,10,1
5350,0,10,1
5351,0,5,0
5352,1,2,1
5354,1,9,1
5356,1,7,0
5357,0,4,0
5358,1,3,1
5360,0,2,0
5361,1,4,0
5362,0,1,0
5363,1,2,0
5364,0,5,0
5365,0,1,0
5366,0,9,1
5367,1,1,1
5369,1,1,0
5370,1,2,0
5371,0,6,1
5372,1,2,0
5375,1,1,0
5376,0,8,0
5378,1,4,0
5379,1,8,0
5380,1,8,1
5381,1,1,1
5383,1,9,1
5385,0,4,0
5386,0,1,0
5387,1,1,1
5388,0,8,1
5389,1,8,0
5390,1,9,1
5391,0,4,0
5392,1,4,0
5393,1,3,0
5394,0,2,0
5395,1,7,1
5396,1,2,0
5397,0,2,0
5398,1,8,0
5399,0,1,0
5400,1,7,0
5402,1,10,1
5403,1,10,1
5404,1,5,0
5405,1,5,0
5407,1,1,0
5408,1,6,0
5409,0,6,0
5411,1,6,1
5412,0,4,1
5413,1,4,0
5414,1,9,0
5416,1,4,0
5417,0,1,0
5418,1,2,0
5419,1,7,0
5420,1,4,1
5421,1,5,0
5422,0,8,0
5423,0,1,0
5425,1,9,1
5426,0,10,0
5427,1,3,0
5428,0,4,1
5429,1,10,1
5430,1,5,1
5431,0,2,1
5432,0,1,1
5433,1,8,1
5434,1,5,1
5436,0,2,0
5438,1,10,1
5440,1,6,1
5441,1,4,0
5442,1,9,1
5443,1,9,1
5444,0,3,1
5446,1,6,0
5447,1,10,1
5448,0,2,0
5449,0,3,0
5450,0,3,0
5451,0,1,0
5452,1,2,0
5453,1,9,1
5454,0,4,1
5455,0,2,0
5456,1,9,1
5457,0,10,0
5458,1,3,1
5459,1,1,0
5460,1,9,1
5461,1,2,0
5462,1,4,0
5463,1,4,1
5465,1,10,1
5466,1,5,0
5467,1,9,0
5468,1,2,0
5470,1,7,0
5471,0,1,0
5472,0,2,1
5473,1,2,0
5474,1,5,0
5475,1,2,0
5477,0,2,0
5478,1,7,0
5479,1,9,0
5480,1,6,0
5481,1,1,0
5483,0,2,0
5484,0,2,0
5485,1,8,1
5486,1,5,0
5488,0,6,0
5489,1,8,1
5491,0,4,0
5492,0,9,0
5495,1,3,0
5496,1,5,0
5498,1,7,0
5500,0,4,0
5501,1,5,1
5502,1,4,1
5504,1,7,0
5505,1,1,0
5506,0,5,1
5508,1,4,0
5509,1,10,0
5511,0,6,0
5513,0,9,0
5515,1,1,0
5516,1,1,0
5518,0,1,1
5519,1,1,0
5520,0,1,0
5523,0,8,0
5524,1,4,0
5525,0,6,1
5526,0,1,0
5527,0,9,0
5528,0,6,0
5529,1,2,0
5530,1,1,0
5531,0,9,1
5535,0,6,1
5536,1,9,0
5537,1,8,1
5538,0,9,0
5539,1,8,1
5540,1,7,0
5541,0,1,0
5542,1,2,0
5543,0,3,1
5544,1,4,0
5545,0,8,1
5546,0,1,0
5547,1,8,0
5549,1,7,0
5550,1,10,1
5551,1,6,0
5552,1,9,1
5553,0,3,0
5554,1,8,0
5555,0,5,0
5556,1,8,1
5557,1,4,1
5558,0,3,0
5559,0,1,0
5561,1,1,0
5563,0,6,1
5564,1,4,1
5565,1,4,0
5566,1,10,0
5567,1,2,0
5571,0,6,0
5573,0,7,0
5574,1,7,1
5575,1,7,1
5577,1,7,0
5578,1,10,1
5579,1,9,0
5580,0,5,0
5581,0,2,0
5582,1,9,0
5583,1,7,1
5584,1,7,0
5585,1,1,1
5586,1,8,1
5587,0,2,0
5588,0,3,0
5589,1,1,0
5590,0,3,0
5591,1,7,1
5592,0,5,1
5593,0,4,1
5594,0,10,1
5595,1,1,0
5596,0,6,0
5599,0,6,0
5600,1,5,1
5601,0,1,0
5602,0,5,0
5603,0,5,1
5604,1,5,0
5605,1,1,0
5606,1,7,0
5607,0,3,0
5609,1,6,1
5613,0,2,1
5614,1,8,1
5616,0,1,0
5617,0,1,0
5619,0,10,0
5620,1,9,1
5621,0,4,0
5622,0,3,0
5623,0,6,1
5624,0,4,0
5625,0,1,0
5626,1,10,0
5627,1,8,1
5628,0,1,0
5632,0,4,1
5633,1,2,0
5634,0,1,0
5635,0,1,0
5636,1,7,0
5639,0,1,1
5641,1,5,0
5643,0,1,0
5646,1,6,1
5647,1,1,1
5648,0,6,0
5649,0,3,0
5650,1,4,0
5651,0,5,0
5652,1,2,1
5653,1,2,0
5654,1,5,0
5655,0,3,0
5656,0,8,0
5657,1,9,1
5658,1,6,1
5659,0,5,0
5660,0,5,0
5661,1,10,0
5662,1,2,0
5663,0,2,0
5664,1,2,0
5665,0,3,0
5666,0,4,1
5668,1,7,0
5669,1,8,1
5670,0,8,1
5671,0,6,1
5673,1,6,1
5675,0,3,1
5676,0,7,0
5677,0,4,1
5678,1,9,1
5679,1,9,0
5680,1,5,1
5681,1,8,1
5682,0,3,0
5684,1,3,0
5686,0,1,0
5687,0,8,1
5688,1,8,0
5689,0,4,1
5691,0,3,0
5692,0,1,1
5693,1,7,1
5694,1,1,0
5695,0,1,0
5696,0,5,1
5697,1,3,0
5700,0,3,1
5702,0,7,0
5704,0,2,0
5705,1,1,0
5706,1,1,0
5707,1,4,0
5708,0,2,0
5709,1,2,0
5710,1,1,0
5711,0,9,1
5714,1,4,0
5715,1,3,0
5716,1,1,0
5717,1,1,1
5719,1,7,0
5722,1,4,0
5723,1,6,1
5724,0,4,0
5725,1,3,1
5726,0,1,1
5727,1,5,0
5728,1,2,0
5729,0,7,1
5730,1,10,1
5731,0,6,1
5732,0,6,1
5733,1,3,0
5735,1,1,1
5736,0,1,0
5737,0,3,0
5738,1,3,0
5739,1,2,1
5740,1,7,1
5741,0,2,0
5742,1,2,0
5743,0,1,0
5744,1,1,0
5745,1,3,0
5746,1,1,0
5747,0,1,0
5748,1,6,1
5750,1,6,1
5752,1,3,0
5753,0,4,0
5754,1,4,1
5755,0,1,0
5756,1,6,0
5757,1,2,0
5758,1,7,0
5759,1,8,0
5760,0,1,0
5761,0,3,0
5762,0,1,1
5764,1,1,0
5765,1,9,0
5766,1,9,0
5768,1,5,0
5769,1,1,0
5770,0,3,0
5771,1,7,0
5772,0,7,1
5773,1,4,0
5774,0,1,0
5776,0,3,0
5779,1,6,1
5780,1,4,0
5781,0,4,0
5783,0,2,0
5784,0,5,1
5785,1,1,0
5786,1,8,0
5787,0,1,0
5791,0,7,0
5792,0,4,1
5793,1,3,1
5795,0,3,0
5796,0,4,0
5798,0,8,0
5800,1,3,0
5801,0,3,1
5802,0,6,0
5803,1,9,0
5804,1,8,1
5806,0,2,1
5807,1,4,0
5808,1,7,1
5809,1,7,1
5810,1,5,1
5811,1,7,1
5812,1,4,0
5813,1,1,1
5814,0,8,1
5815,0,1,0
5816,1,7,1
5817,0,5,1
5818,1,5,0
5820,0,7,1
5821,0,5,0
5822,0,1,0
5823,1,2,0
5824,1,2,0
5825,1,9,1
5826,0,1,0
5827,1,4,1
5828,1,8,1
5829,1,2,0
5830,0,4,0
5831,1,2,0
5832,0,1,0
5833,0,1,0
5835,0,4,1
5836,1,4,1
5837,0,2,0
5838,0,1,1
5839,1,4,0
5840,1,6,0
5842,1,10,1
5844,1,5,0
5847,1,5,0
5849,1,6,0
5850,0,3,1
5851,0,6,1
5852,1,1,0
5853,1,4,1
5854,1,3,0
5855,0,9,0
5856,1,9,1
5857,1,7,0
5858,0,2,0
5859,0,1,0
5860,1,1,0
5861,0,7,1
5863,1,1,1
5865,1,5,1
5868,1,9,0
5869,0,6,1
5870,0,1,0
5871,0,2,0
5872,1,4,0
5873,1,8,1
5874,0,1,0
5875,1,4,1
5877,1,9,1
5879,0,4,0
5880,1,2,0
5881,1,5,0
5882,1,2,1
5883,0,7,1
5885,0,3,1
5886,0,1,0
5887,1,7,1
5889,1,1,1
5890,1,2,1
5891,0,1,0
5892,1,5,1
5893,1,8,0
5894,1,1,0
5895,0,4,0
5896,0,2,0
5897,0,2,0
5898,0,2,0
5899,1,1,0
5900,0,5,0
5902,1,8,1
5903,1,6,0
5904,1,8,1
5905,0,3,1
5906,1,6,0
5907,1,9,0
5908,0,2,1
5909,0,4,0
5910,1,6,0
5911,1,6,0
5913,0,2,0
5914,1,3,0
5915,0,9,1
5916,1,9,1
5917,1,4,1
5918,1,7,1
5921,0,3,1
5922,1,1,0
5923,0,2,0
5925,0,1,0
5926,1,1,0
5927,1,3,0
5928,0,1,0
5929,0,2,1
5930,0,8,1
5931,0,7,1
5932,0,8,1
5933,1,2,1
5934,1,3,1
5935,1,4,1
5936,1,6,0
5937,1,2,1
5938,1,3,1
5939,0,1,0
5941,1,10,0
5942,0,7,1
5944,1,10,0
5945,0,1,0
5947,0,1,0
5949,0,9,0
5956,0,1,0
5958,1,7,1
5959,0,5,0
5960,0,1,0
5963,0,3,1
5964,1,3,0
5965,0,8,1
5967,1,10,1
5968,0,4,1
5969,0,3,1
5970,0,1,0
5971,0,2,0
5972,0,5,0
5973,0,1,1
5974,1,6,0
5975,0,1,0
5976,0,1,1
5977,1,10,1
5978,1,8,0
5979,1,2,0
5980,0,3,0
5981,0,1,1
5982,1,4,1
5984,1,2,0
5985,0,1,0
5986,0,4,0
5987,0,6,1
5988,0,3,0
5989,0,1,0
5992,1,3,0
5993,0,2,0
5994,1,8,1
5995,0,6,0
5996,1,8,1
5997,0,6,0
5998,1,4,0
6000,1,5,1
6001,1,10,1
6002,1,2,0
6003,1,2,0
6005,0,7,0
6006,1,6,0
6008,0,2,0
6009,1,2,0
6010,0,1,0
6011,0,7,0
6012,1,10,0
6013,0,2,0
6014,0,8,1
6015,1,2,0
6016,1,9,0
6019,0,2,1
6020,1,3,0
6021,0,4,1
6022,0,3,1
6024,1,2,0
6025,1,2,0
6027,1,9,1
6028,1,10,0
6029,1,3,1
6030,1,4,0
6032,1,8,0
6033,1,6,0
6034,0,7,1
6037,0,1,0
6038,1,10,0
6040,1,9,1
6041,0,1,0
6042,0,4,1
6043,0,3,0
6044,1,8,1
6046,1,3,0
6047,0,5,0
6048,1,8,0
6050,1,4,0
6051,1,7,0
6052,1,9,0
6055,1,3,1
6056,0,8,1
6059,0,6,0
6060,1,9,0
6062,0,2,0
6063,0,2,0
6064,0,2,0
6065,1,6,0
6066,0,5,0
6067,1,7,1
6068,0,3,0
6069,1,8,0
6070,1,1,1
6071,1,3,0
6073,0,5,0
6075,1,8,1
6077,0,4,0
6078,0,2,0
6080,1,2,1
6081,0,5,0
6083,1,3,1
6084,1,2,0
6085,1,4,0
6086,0,3,0
6087,0,4,0
6088,0,1,0
6089,1,5,1
6092,1,1,0
6093,0,6,0
6094,0,10,1
6095,1,10,1
6096,1,9,1
6097,0,9,1
6098,1,5,1
6100,0,1,1
6101,0,2,0
6103,1,7,1
6105,1,2,1
6106,1,6,0
6107,0,8,0
6108,1,5,1
6109,0,3,0
6110,0,3,0
6111,1,1,0
6112,1,1,1
6113,1,6,1
6114,0,5,0
6115,0,1,0
6116,1,6,1
6117,1,8,1
6118,0,5,0
6120,1,1,0
6122,1,6,0
6123,0,3,0
6125,1,1,0
6126,1,1,0
6127,1,1,0
6129,1,1,0
6130,1,7,0
6131,1,1,0
6132,1,3,0
6133,0,1,0
6134,1,4,0
6135,1,4,1
6136,1,8,0
6137,0,1,0
6138,0,1,0
6140,1,10,0
6143,1,4,1
6146,1,7,0
6147,1,6,1
6148,1,2,0
6149,1,5,1
6150,0,2,0
6152,1,2,0
6153,1,5,0
6154,1,3,0
6155,1,7,0
6156,0,1,0
6158,1,4,0
6159,1,10,0
6160,1,8,1
6161,1,4,0
6162,0,3,0
6163,1,6,0
6164,1,1,0
6165,0,2,1
6166,0,5,1
6167,1,6,1
6168,0,1,0
6169,0,9,1
6170,1,9,1
6171,1,1,0
6172,0,7,1
6173,1,1,0
6174,1,8,0
6175,1,4,0
6176,1,7,0
6177,1,9,0
6178,0,4,0
6179,0,6,1
6180,1,3,1
6181,1,7,0
6182,1,5,0
6183,0,6,0
6185,1,9,1
6186,1,3,0
6187,1,1,0
6188,1,1,0
6189,0,2,1
6190,0,8,0
6191,1,5,0
6192,0,2,0
6193,1,5,0
6194,1,2,0
6195,0,5,1
6196,1,8,1
6197,0,7,0
6198,0,4,0
6199,0,9,1
6201,0,1,0
6203,1,3,1
6204,1,2,0
6205,1,1,1
6207,1,8,1
6208,1,6,0
6210,1,10,1
6211,0,5,0
6212,1,1,0
6213,0,2,0
6214,1,1,0
6216,1,4,1
6217,0,1,0
6220,1,2,0
6221,0,2,0
6225,0,3,0
6226,0,1,1
6228,0,1,0
6229,0,5,1
6231,1,5,0
6233,0,2,0
6235,0,2,0
6239,1,1,0
6240,1,1,0
6241,0,2,0
6242,0,1,0
6245,0,9,0
6247,1,7,1
6248,0,1,0
6249,0,3,1
6250,1,9,1
6251,1,4,0
6252,1,7,0
6253,0,2,0
6254,1,4,0
6256,1,7,1
6259,0,1,0
6260,0,8,1
6261,1,6,0
6262,1,1,0
6263,0,8,0
6264,1,10,0
6265,1,9,0
6266,1,3,0
6267,0,1,1
6268,1,3,0
6269,0,1,0
6271,0,3,0
6272,1,4,0
6273,1,6,0
6275,1,5,0
6276,1,10,0
6278,1,2,0
6280,1,7,0
6281,0,4,0
6284,1,5,0
6285,0,3,1
6286,1,9,1
6287,0,1,0
6289,0,6,1
6290,1,6,0
6291,0,6,0
6292,1,1,0
6293,1,1,0
6294,1,8,0
6295,0,2,0
6296,1,5,1
6297,0,7,0
6298,1,7,0
6299,1,5,0
6300,1,5,0
6301,1,4,1
6302,1,3,0
6304,1,9,1
6305,1,3,0
6306,0,1,0
6309,1,7,0
6310,1,5,0
6311,0,4,0
6312,1,5,1
6314,0,6,1
6315,1,3,1
6316,0,6,0
6317,0,6,1
6319,1,9,1
6320,1,10,1
6322,0,6,1
6323,0,1,1
6326,0,8,1
6328,1,2,0
6330,0,5,0
6331,0,3,0
6332,1,4,1
6334,1,2,0
6335,1,2,0
6336,1,9,1
6337,1,5,0
6338,1,5,1
6339,1,5,1
6343,1,4,0
6344,0,7,0
6345,1,3,0
6347,1,10,1
6348,0,3,0
6349,1,2,0
6351,1,8,0
6353,1,1,0
6354,0,3,1
6357,0,5,0
6359,1,6,1
6360,0,3,0
6361,1,7,0
6363,1,8,0
6364,1,8,0
6365,1,9,1
6367,1,7,1
6368,1,10,1
6371,1,9,1
6372,1,6,1
6373,1,10,1
6375,1,6,1
6376,1,1,0
6377,0,7,1
6378,1,7,1
6379,0,6,0
6380,1,7,0
6381,1,6,1
6382,1,2,1
6383,0,1,1
6384,1,8,1
6385,1,7,0
6388,1,6,0
6389,0,7,1
6390,1,1,0
6391,1,8,1
6392,1,1,1
6393,1,6,1
6394,1,2,0
6396,0,1,0
6397,0,1,0
6398,0,2,0
6399,0,3,0
6400,1,4,1
6401,0,1,0
6402,1,3,0
6403,1,1,0
6404,0,3,0
6407,1,4,0
6409,1,2,1
6413,1,4,1
6417,1,4,0
6418,1,5,0
6419,0,2,0
6420,1,9,1
6422,1,9,0
6423,1,6,0
6425,1,2,0
6428,0,10,1
6429,1,6,0
6430,1,1,0
6432,0,5,0
6433,0,7,1
6435,0,2,0
6438,1,5,0
6439,1,9,1
6441,1,5,0
6442,1,5,1
6443,0,5,0
6446,0,1,1
6447,1,4,0
6448,0,6,1
6449,1,5,1
6450,1,5,0
6451,1,2,1
6452,1,8,0
6453,1,10,1
6455,1,4,0
6456,1,5,0
6457,0,6,0
6459,1,6,1
6460,1,9,0
6461,0,1,0
6462,1,8,1
6463,1,8,0
6465,1,2,0
6466,0,1,0
6467,1,7,0
6468,1,1,0
6470,1,7,1
6471,0,9,1
6473,1,5,1
6474,0,2,0
6476,1,4,0
6477,0,5,1
6479,1,5,0
6480,1,8,1
6481,1,4,1
6482,1,2,1
6483,0,2,0
6484,0,1,0
6485,1,2,0
6486,0,1,0
6487,1,1,0
6488,0,1,0
6489,1,2,1
6490,1,5,1
6491,0,1,1
6492,0,2,0
6493,1,7,0
6496,0,2,0
6497,1,8,1
6500,0,4,0
6501,1,1,0
6502,1,7,1
6504,1,10,1
6505,0,2,0
6506,0,9,0
6508,1,3,0
6509,1,1,0
6510,1,4,0
6511,1,6,1
6512,0,2,0
6513,1,4,1
6514,0,4,0
6516,0,5,0
6519,0,6,0
6520,1,5,0
6521,0,6,1
6522,1,4,1
6523,0,4,0
6524,0,3,0
6525,0,1,1
6527,1,2,0
6528,1,6,1
6530,0,1,0
6531,1,9,1
6532,1,2,0
6534,1,7,0
6535,0,3,1
6536,0,1,0
6537,0,4,1
6540,1,5,0
6541,0,9,1
6542,0,2,0
6548,1,5,1
6549,1,1,1
6550,1,5,1
6551,0,4,0
6552,0,4,1
6553,1,6,0
6554,1,4,0
6556,1,3,0
6558,0,1,1
6560,1,4,0
6561,0,4,0
6562,0,1,0
6563,0,7,1
6564,0,3,1
6566,1,9,1
6567,0,8,0
6568,0,2,0
6569,1,6,0
6570,0,4,0
6571,1,8,1
6572,0,3,0
6574,1,2,1
6577,0,2,1
6579,1,6,0
6580,0,1,0
6583,1,7,0
6584,0,3,0
6585,1,9,1
6586,0,5,1
6587,1,9,1
6588,1,4,0
6589,1,5,1
6590,1,2,0
6591,1,1,0
6592,0,1,0
6593,1,1,0
6594,1,7,0
6595,1,1,0
6596,1,1,1
6597,1,9,1
6598,1,9,0
6599,1,4,0
6601,1,1,0
6602,0,4,1
6603,1,9,1
6604,1,3,1
6605,1,8,0
6606,1,5,0
6607,0,1,0
6608,0,9,1
6609,1,1,0
6610,1,10,0
6611,1,1,0
6612,1,10,0
6613,1,2,1
6614,0,2,0
6616,0,2,1
6617,1,1,0
6618,1,5,0
6619,1,1,0
6620,1,7,0
6622,0,1,0
6625,0,5,0
6626,1,2,0
6628,1,1,0
6629,0,5,1
6630,0,4,0
6631,1,5,1
6633,0,4,0
6634,1,7,1
6635,0,1,0
6636,0,3,0
6637,0,1,0
6638,1,4,1
6639,1,1,0
6640,1,6,0
6641,1,10,1
6642,0,3,0
6643,1,3,0
6645,1,1,0
6646,1,7,1
6648,0,2,0
6649,0,5,1
6650,1,8,1
6651,1,4,0
6652,1,8,1
6653,0,6,0
6654,1,7,1
6655,1,1,0
6657,1,7,1
6658,1,4,1
6659,1,7,0
6660,0,2,1
6661,0,2,0
6662,1,1,0
6663,1,4,0
6665,1,8,0
6667,1,4,0
6668,1,2,1
6669,1,10,0
6670,0,5,1
6671,0,6,1
6672,1,10,1
6673,1,8,0
6675,0,1,0
6676,1,9,0
6678,0,3,0
6680,1,5,0
6681,1,9,1
6682,0,8,0
6683,1,6,1
6685,1,5,0
6686,0,2,1
6687,0,8,1
6688,0,4,0
6689,0,1,0
6690,1,10,1
6691,0,9,0
6692,0,2,0
6693,0,3,0
6695,1,4,0
6696,1,7,0
6697,0,5,0
6698,1,8,1
6699,0,7,0
6701,1,5,0
6702,1,1,0
6703,1,2,0
6704,0,5,0
6705,0,8,0
6706,1,10,1
6708,1,2,1
6710,0,2,0
6711,0,4,0
6715,1,5,0
6717,0,6,0
6718,0,1,0
6719,1,7,1
6720,0,3,0
6721,1,1,0
6722,0,5,0
6723,0,7,0
6724,1,4,0
6728,0,1,0
6730,1,6,0
6731,0,2,0
6732,0,9,1
6733,1,4,0
6734,0,9,0
6736,1,9,0
6737,1,4,1
6738,1,7,0
6739,1,8,1
6740,1,5,1
6741,1,4,0
6743,1,1,0
6744,1,10,1
6745,1,2,0
6746,1,8,0
6747,1,9,1
6749,0,10,0
6750,0,6,0
6751,0,2,1
6755,1,4,1
6756,0,1,1
6758,0,1,1
6759,1,9,1
6760,1,7,0
6761,0,6,0
6763,0,2,0
6764,0,3,0
6766,1,8,1
6769,0,2,0
6770,0,5,0
6771,1,7,0
6772,1,6,0
6773,0,2,0
6775,1,9,1
6776,0,3,0
6777,0,1,0
6778,1,7,0
6780,1,1,0
6781,0,2,0
6783,1,9,1
6788,1,3,0
6790,0,2,0
6791,1,1,0
6793,0,3,0
6794,0,4,1
6795,1,4,0
6796,1,2,1
6797,1,1,0
6798,0,5,0
6799,1,3,0
6800,1,3,0
6801,0,8,0
6802,0,1,0
6803,1,2,1
6804,0,2,1
6805,1,3,1
6806,0,8,0
6807,1,9,1
6809,1,6,0
6810,1,9,1
6811,1,9,1
6812,0,4,0
6814,0,8,0
6815,1,9,0
6816,1,2,0
6817,1,6,0
6818,0,4,1
6820,1,3,0
6821,1,1,0
6822,0,2,0
6823,0,5,0
6825,1,8,1
6826,0,9,0
6827,1,4,1
6828,0,2,0
6830,0,9,1
6831,0,10,1
6832,0,7,0
6833,1,6,0
6836,0,3,1
6837,0,1,1
6838,0,5,1
6839,1,2,0
6840,1,3,1
6841,1,1,0
6843,0,8,0
6844,0,1,0
6846,1,6,1
6847,1,7,0
6850,0,9,1
6851,0,8,1
6855,0,2,1
6856,0,1,0
6857,1,2,0
6858,0,2,0
6859,0,4,1
6861,1,1,0
6862,1,4,1
6863,1,3,0
6864,1,10,1
6865,0,4,0
6866,1,5,0
6867,0,1,0
6868,1,8,0
6870,0,10,0
6875,0,8,0
6877,1,2,0
6878,0,6,1
6882,1,9,1
6883,0,2,0
6884,0,8,0
6886,1,8,1
6888,1,6,0
6889,0,4,1
6890,0,1,0
6891,0,3,0
6892,1,4,1
6893,1,5,0
6894,1,5,0
6897,1,8,0
6899,0,2,0
6900,1,4,1
6901,1,7,0
6904,1,4,0
6907,1,1,0
6908,1,7,1
6910,1,9,1
6912,1,6,0
6913,1,4,0
6915,1,7,1
6916,1,6,0
6919,1,3,1
6920,1,6,0
6921,1,1,0
6923,1,3,0
6924,1,9,1
6925,1,3,0
6926,0,3,1
6927,1,5,1
6928,0,5,0
6929,0,3,0
6930,1,1,0
6931,1,2,0
6932,0,7,1
6934,1,3,0
6935,0,5,1
6936,1,6,1
6937,0,4,0
6938,0,1,0
6939,0,1,0
6941,1,2,1
6942,1,1,0
6943,1,3,1
6944,0,1,0
6946,1,7,1
6947,1,5,1
6948,1,5,0
6949,0,1,1
6950,0,6,0
6951,1,2,0
6952,1,5,0
6953,1,10,0
6954,1,8,0
6955,1,9,1
6956,0,8,0
6957,1,9,1
6958,0,5,0
6960,1,1,0
6961,1,8,1
6962,1,6,0
6963,0,2,0
6964,0,8,0
6966,1,1,0
6967,0,4,0
6968,1,6,1
6970,0,4,0
6971,1,5,1
6973,0,7,0
6974,0,1,0
6975,1,9,1
6976,0,4,0
6979,0,2,0
6980,1,9,1
6981,0,1,1
6983,1,1,0
6985,0,3,0
6989,0,3,1
6990,1,6,0
6991,1,3,1
6992,1,1,0
6993,1,7,0
6994,1,2,0
6995,1,5,0
6996,1,5,1
6997,1,4,1
6999,1,4,0
7001,0,2,0
7002,1,6,0
7003,1,2,1
7004,0,6,0
7006,0,9,1
7007,1,3,0
7008,1,8,1
7009,1,5,1
7010,1,3,1
7011,1,5,0
7012,1,2,0
7013,1,5,0
7014,0,8,0
7015,0,2,0
7016,1,10,0
7019,0,7,0
7020,0,2,1
7021,0,4,0
7022,1,3,1
7023,0,5,0
7024,0,7,0
7025,1,1,1
7026,1,4,0
7027,1,1,1
7028,0,3,1
7029,1,9,1
7031,0,3,0
7032,0,2,0
7033,1,7,1
7034,0,3,1
7035,0,5,0
7037,1,10,1
7038,1,10,0
7039,0,1,1
7040,0,9,0
7041,1,5,1
7042,1,9,1
7043,1,3,0
7044,1,5,0
7045,0,7,1
7046,1,5,0
7048,1,2,1
7049,0,2,0
7051,1,1,0
7052,0,2,0
7053,1,4,0
7054,0,1,0
7056,1,4,0
7057,1,9,0
7059,1,9,0
7060,1,8,0
7061,0,5,1
7063,1,2,1
7064,1,4,1
7065,0,9,0
7066,1,7,0
7067,0,9,1
7068,0,1,0
7069,0,9,0
7070,1,6,0
7072,0,1,0
7073,1,10,1
7074,0,9,1
7075,1,3,0
7076,0,2,1
7077,1,9,1
7078,1,8,1
7079,0,7,0
7080,0,1,0
7081,0,4,0
7083,0,1,0
7084,0,5,0
7085,0,4,0
7086,1,10,1
7088,1,3,0
7089,1,8,0
7090,1,8,0
7092,0,1,0
7093,1,3,0
7094,0,2,0
7097,1,10,0
7098,1,7,1
7099,1,2,0
7100,1,9,1
7101,0,5,0
7102,1,1,0
7104,0,6,1
7105,1,10,1
7107,1,5,1
7109,0,5,0
7111,0,3,1
7112,1,7,1
7114,1,3,1
7116,1,8,1
7117,0,1,1
7118,1,2,0
7119,1,5,0
7120,0,4,1
7123,1,2,1
7124,0,1,1
7125,1,7,1
7126,0,1,0
7128,0,2,0
7129,1,7,0
7130,0,3,1
7131,1,4,1
7133,1,8,0
7135,0,4,0
7136,1,10,1
7138,1,4,0
7139,1,1,0
7141,0,1,0
7143,1,1,0
7144,1,9,0
7145,1,4,1
7147,0,3,0
7149,0,4,1
7150,1,8,1
7151,1,9,1
7153,1,4,0
7154,0,1,0
7156,1,3,0
7158,0,6,1
7160,1,6,1
7161,1,3,0
7162,1,5,1
7163,1,3,1
7164,0,1,0
7165,1,2,0
7166,1,5,0
7167,1,5,0
7168,0,3,0
7169,0,7,0
7170,0,5,1
7171,0,3,0
7172,1,4,0
7174,1,7,0
7175,1,8,1
7176,0,1,0
7178,1,6,1
7179,0,1,0
7182,1,4,0
7184,1,8,1
7186,0,4,0
7187,1,8,1
7189,0,4,1
7191,0,5,0
7195,1,8,0
7196,1,2,1
7197,0,6,0
7198,1,6,1
7199,1,6,0
7200,1,6,0
7201,0,3,0
7203,1,1,0
7204,0,3,0
7205,0,8,1
7207,1,9,0
7209,1,6,0
7210,1,8,0
7211,1,7,1
7212,1,2,0
7213,0,6,0
7214,1,3,1
7215,0,6,0
7216,1,8,1
7217,0,5,0
7219,1,4,0
7220,0,4,0
7221,0,1,0
7222,0,5,1
7223,1,1,0
7224,1,3,1
7225,1,6,1
7226,0,4,1
7227,0,2,0
7228,0,4,1
7229,0,8,0
7230,1,10,0
7231,1,7,0
7233,1,9,1
7235,0,6,0
7237,0,4,0
7238,0,1,0
7240,1,3,0
7241,1,6,1
7242,1,4,0
7243,1,3,1
7244,1,2,0
7245,1,8,1
7246,0,2,0
7247,1,5,1
7249,1,7,0
7251,1,10,0
7252,1,10,1
7253,1,8,1
7254,0,4,1
7255,1,6,1
7256,1,3,0
7257,0,3,1
7258,1,7,1
7259,0,5,0
7261,0,2,0
7262,1,8,0
7264,0,6,1
7265,1,6,0
7266,0,2,0
7267,1,1,0
7268,1,6,0
7269,0,1,0
7271,0,1,0
7272,1,5,0
7273,0,2,0
7274,1,3,0
7275,0,2,0
7276,0,1,0
7277,0,7,0
7278,1,9,1
7279,1,3,1
7280,1,6,1
7281,0,1,0
7282,1,5,0
7283,1,10,0
7284,0,5,0
7285,1,7,1
7286,0,5,0
7287,1,8,0
7288,1,6,1
7289,1,10,1
7290,1,9,0
7292,1,8,0
7293,1,8,0
7298,1,2,0
7299,1,10,1
7300,0,9,0
7301,1,6,1
7302,1,10,1
7304,0,2,0
7307,1,10,0
7308,0,1,1
7309,0,1,0
7310,0,2,1
7312,0,8,1
7313,1,2,0
7315,1,5,1
7317,1,7,0
7319,0,4,1
7320,0,8,1
7321,1,5,0
7323,1,5,1
7324,0,1,0
7325,0,3,0
7326,1,8,1
7327,1,1,1
7328,1,6,1
7329,0,9,0
7330,1,2,1
7331,0,6,1
7334,1,10,1
7335,1,6,1
7336,0,2,0
7338,1,10,1
7339,1,6,1
7340,0,4,1
7341,1,5,1
7342,0,1,1
7343,0,3,0
7344,1,5,1
7345,1,4,1
7346,0,1,0
7347,1,7,0
7348,1,2,0
7349,1,6,0
7350,0,4,0
7352,0,5,0
7353,1,5,0
7354,0,2,0
7355,0,3,0
7357,0,3,0
7359,0,4,0
7360,0,4,0
7362,1,9,1
7363,0,3,0
7364,1,1,0
7365,0,3,0
7366,0,1,0
7367,1,9,0
7368,1,9,0
7369,1,6,1
7370,1,7,1
7371,0,1,0
7373,1,9,1
7374,0,3,0
7375,1,4,1
7377,0,1,0
7379,1,2,0
7380,1,6,1
7381,1,6,0
7382,1,7,1
7383,0,3,1
7385,0,1,1
7386,1,7,1
7387,0,6,0
7391,1,9,1
7392,1,3,0
7393,1,10,1
7394,0,1,0
7395,1,10,1
7397,1,10,0
7400,1,3,0
7401,1,1,0
7402,0,6,1
7403,1,6,1
7404,1,6,0
7405,0,10,1
7406,1,9,1
7408,1,6,0
7409,1,4,1
7410,0,2,0
7411,1,9,1
7412,0,2,1
7413,1,7,1
7414,1,4,0
7415,0,1,0
7417,0,5,0
7418,0,2,0
7419,1,7,0
7420,0,2,1
7421,0,4,0
7422,1,4,0
7423,1,7,1
7424,1,1,0
7425,1,2,0
7426,1,6,0
7427,1,8,1
7429,0,8,1
7430,1,2,0
7431,0,3,0
7432,0,5,0
7433,1,10,0
7434,1,4,0
7435,1,4,0
7436,1,1,0
7437,0,10,1
7439,1,4,1
7440,1,6,0
7443,1,2,0
7444,1,5,1
7446,0,1,0
7447,1,7,1
7448,1,3,0
7449,1,9,1
7450,1,9,1
7452,1,3,0
7453,1,3,0
7454,1,2,1
7455,1,7,0
7456,1,10,0
7457,1,7,1
7459,1,8,1
7461,1,4,0
7462,0,2,1
7463,1,2,0
7464,1,6,1
7465,0,3,0
7466,0,2,0
7468,0,7,1
7469,1,5,1
7471,1,8,0
7472,0,1,0
7474,0,7,0
7475,0,1,0
7476,1,4,0
7477,1,8,0
7478,1,6,1
7479,0,10,0
7480,0,1,0
7481,0,8,1
7482,1,4,1
7484,1,7,1
7486,0,7,0
7487,0,5,0
7488,1,8,1
7490,1,5,0
7491,1,8,0
7492,1,3,0
7493,1,6,1
7495,0,8,1
7496,0,9,0
7497,1,8,1
7499,0,1,1
7500,1,3,0
7501,1,4,0
7502,0,4,1
7503,1,2,0
7504,0,1,0
7505,1,4,0
7506,1,2,0
7507,0,1,0
7510,1,1,0
7511,1,7,1
7512,0,3,0
7513,1,6,1
7514,0,5,0
7515,1,9,1
7516,1,8,1
7517,1,1,0
7519,1,5,0
7522,1,2,1
7523,1,1,1
7525,0,4,0
7526,0,3,1
7527,1,1,0
7528,1,7,0
7529,0,6,0
7530,1,9,0
7531,1,2,1
7534,0,1,1
7536,0,1,0
7540,1,8,1
7541,0,1,0
7542,1,8,1
7545,0,5,0
7546,0,10,1
7547,0,2,0
7548,1,1,0
7551,1,2,1
7555,0,1,0
7556,0,6,0
7557,1,9,0
7558,0,1,0
7559,0,3,0
7560,0,7,1
7561,0,9,0
7562,1,6,0
7563,0,3,0
7564,0,3,0
7565,1,3,0
7566,1,1,0
7567,1,6,0
7569,1,1,0
7570,1,1,0
7571,1,2,0
7572,0,6,1
7573,1,9,1
7575,1,3,0
7576,1,10,1
7578,1,2,0
7579,1,2,0
7580,0,8,1
7581,1,1,1
7582,1,3,0
7583,1,6,0
7584,1,4,0
7587,1,10,1
7589,1,3,1
7590,1,6,0
7591,1,9,1
7592,0,3,0
7596,1,2,0
7599,1,4,0
7600,1,5,0
7602,1,7,1
7604,0,1,0
7605,1,1,1
7606,0,6,1
7607,1,3,0
7608,1,5,0
7609,0,5,0
7610,0,8,0
7611,0,7,1
7612,0,1,1
7615,1,1,0
7616,1,1,0
7617,0,5,0
7620,1,3,0
7622,1,10,1
7623,0,2,0
7624,0,6,1
7626,0,3,0
7627,1,4,0
7628,1,7,0
7631,0,5,1
7632,0,1,0
7634,1,1,0
7635,0,1,0
7636,1,2,0
7639,1,3,0
7640,0,7,1
7641,0,1,0
7642,1,7,1
7644,1,8,0
7645,1,1,1
7646,1,6,0
7647,1,4,0
7648,1,3,0
7649,1,1,1
7650,0,4,1
7652,1,8,1
7653,1,7,1
7654,1,4,0
7658,1,3,0
7659,0,4,0
7660,1,2,0
7661,0,9,1
7663,0,1,0
7664,1,4,0
7666,0,10,0
7667,0,2,0
7669,1,1,0
7670,1,7,1
7673,1,1,0
7674,1,5,1
7675,0,7,1
7676,0,1,1
7677,0,3,0
7678,1,7,1
7679,0,3,1
7680,0,1,0
7682,1,8,0
7683,1,7,1
7684,1,6,0
7688,1,8,0
7689,1,8,1
7690,0,3,1
7692,0,4,0
7693,1,7,1
7694,1,1,0
7696,1,4,0
7697,1,2,0
7698,1,8,1
7699,1,2,1
7700,1,10,1
7701,1,2,0
7702,1,4,0
7703,1,5,1
7704,1,7,0
7705,0,1,0
7708,1,6,0
7709,1,8,0
7710,0,8,1
7711,1,3,0
7712,1,5,0
7713,0,4,0
7714,1,4,1
7716,0,4,0
7717,1,7,1
7718,1,2,0
7720,1,1,1
7721,1,6,1
7722,1,9,1
7724,1,9,0
7725,1,1,0
7726,0,2,0
7727,1,10,0
7728,1,9,1
7730,0,2,1
7733,1,2,1
7734,1,4,1
7735,0,2,0
7736,1,3,1
7737,0,2,0
7738,0,2,0
7739,0,1,0
7740,1,6,0
7741,1,7,1
7744,0,2,1
7745,0,7,0
7746,1,2,0
7748,0,1,0
7749,0,4,0
7750,1,9,0
7751,1,10,0
7752,0,7,1
7753,1,1,0
7754,0,4,1
7755,1,1,0
7759,1,7,1
7760,1,10,1
7761,1,3,0
7762,0,7,1
7763,1,1,0
7766,0,7,1
7767,0,6,0
7768,0,1,0
7769,1,5,0
7770,1,5,0
7772,1,6,1
7774,0,10,1
7775,1,1,0
7778,0,1,0
7779,0,1,0
7780,1,2,1
7781,1,8,1
7783,1,1,0
7784,0,3,0
7785,1,9,1
7786,1,5,0
7787,0,5,0
7788,1,6,1
7789,0,2,0
7790,1,8,1
7791,1,9,1
7792,1,5,0
7794,0,2,0
7795,1,2,0
7796,1,8,1
7797,0,1,1
7798,1,7,0
7799,1,8,1
7800,1,2,0
7803,1,2,0
7804,1,6,1
7806,0,3,1
7807,0,8,1
7808,1,2,1
7809,0,7,1
7810,0,2,0
7811,0,1,0
7812,1,10,1
7813,1,6,0
7814,0,4,0
7815,0,6,1
7818,0,5,0
7819,1,9,1
7820,1,2,1
7821,0,8,0
7823,0,9,1
7824,1,3,0
7825,1,8,1
7826,1,10,0
7827,1,2,0
7828,0,1,0
7829,1,3,0
7830,1,5,1
7831,0,3,0
7832,1,6,1
7833,1,3,0
7834,1,2,0
7835,1,3,1
7837,0,2,0
7838,1,3,1
7840,0,2,0
7842,1,1,0
7843,0,1,0
7845,1,7,0
7847,0,1,0
7848,0,5,0
7849,0,1,0
7852,0,5,1
7853,1,2,1
7854,0,5,0
7856,0,7,1
7857,1,10,0
7860,1,9,0
7861,0,4,0
7863,0,5,0
7864,1,1,0
7865,1,6,1
7866,1,8,0
7867,1,3,0
7868,1,3,0
7869,1,5,1
7871,1,4,1
7872,1,9,0
7874,0,2,1
7876,0,6,0
7878,1,2,0
7880,1,2,0
7881,1,3,0
7882,0,2,1
7883,1,2,0
7884,0,2,1
7885,1,2,0
7886,0,1,0
7888,0,9,0
7889,0,3,1
7890,1,8,0
7891,1,1,1
7892,0,1,0
7893,1,1,0
7894,1,8,0
7895,0,1,0
7896,1,7,1
7897,0,5,1
7898,1,3,0
7900,1,9,1
7901,0,7,1
7902,0,1,0
7903,1,1,0
7904,1,9,0
7906,1,5,1
7908,1,9,1
7909,1,4,0
7910,1,4,0
7911,0,5,0
7912,0,4,1
7913,1,8,0
7914,0,1,0
7915,1,2,0
7916,1,7,0
7917,1,8,0
7918,0,1,0
7919,1,8,1
7920,1,4,0
7921,0,1,0
7922,1,6,0
7923,0,7,1
7925,1,8,0
7926,0,1,0
7927,1,1,0
7928,0,6,0
7929,1,1,0
7930,0,5,1
7931,1,2,0
7932,1,2,0
7933,0,1,0
7936,0,5,1
7937,0,2,0
7940,1,7,0
7941,0,3,0
7942,1,8,1
7944,0,1,0
7945,0,2,0
7946,0,2,0
7948,1,6,0
7949,0,1,0
7951,0,1,0
7952,1,6,0
7955,1,7,1
7956,1,2,0
7958,0,2,0
7959,1,5,0
7960,0,1,1
7962,1,1,0
7964,1,1,0
7965,0,3,0
7966,1,10,1
7967,0,1,0
7968,1,6,1
7970,0,1,0
7971,0,5,1
7972,0,1,0
7973,1,6,0
7974,1,1,1
7975,0,10,1
7976,0,8,1
7977,1,9,0
7978,0,2,0
7979,0,6,1
7981,0,7,0
7982,1,7,0
7983,1,4,0
7984,0,4,0
7985,1,4,0
7986,1,4,1
7987,0,9,1
7988,1,3,1
7989,1,7,1
7991,1,7,0
7992,0,7,1
7993,0,6,1
7995,0,4,0
7996,1,4,0
7997,1,8,1
7998,0,1,0
8000,1,3,1
8002,1,7,0
8003,0,1,0
8004,0,6,1
8007,1,9,0
8008,1,5,0
8009,1,9,1
8010,0,4,0
8011,1,10,0
8014,1,3,1
8015,0,3,0
8016,1,6,1
8018,0,7,1
8019,0,2,0
8020,1,9,0
8021,0,2,0
8022,1,5,1
8023,1,3,1
8024,1,5,1
8025,1,4,0
8026,1,1,1
8027,0,1,1
8028,0,10,1
8029,1,2,0
8030,1,8,1
8031,1,8,1
8032,0,1,0
8033,0,8,0
8035,1,9,1
8037,0,1,0
8038,1,1,0
8039,0,2,0
8040,1,3,0
8043,1,10,0
8044,1,9,0
8045,0,9,1
8046,1,10,1
8047,1,2,0
8048,0,3,0
8049,0,1,0
8050,0,2,0
8051,0,1,0
8052,1,8,1
8053,1,7,1
8054,1,4,0
8055,0,2,0
8056,1,1,0
8058,1,1,0
8059,0,3,1
8060,0,1,0
8061,0,6,0
8062,1,8,1
8063,0,2,0
8064,1,3,0
8065,1,2,1
8066,0,3,1
8068,0,8,0
8070,1,2,0
8071,0,4,0
8072,1,9,1
8073,0,9,0
8075,1,3,0
8076,1,8,0
8078,0,1,0
8079,1,3,0
8081,0,7,1
8082,1,8,1
8083,1,7,0
8084,0,2,0
8085,1,7,1
8087,0,1,1
8088,0,7,0
8090,0,2,1
8091,1,1,1
8092,1,1,0
8093,1,5,0
8094,0,1,0
8095,0,2,1
8096,1,9,0
8097,1,5,1
8098,1,5,0
8099,0,1,0
8100,1,3,1
8101,0,4,0
8102,0,5,0
8103,1,2,0
8104,1,6,0
8105,1,9,1
8106,1,1,1
8107,0,1,0
8108,0,2,0
8110,0,5,0
8111,1,8,1
8112,1,1,0
8113,1,10,1
8114,1,8,1
8116,0,4,0
8117,0,6,1
8118,1,6,0
8119,1,5,1
8120,1,10,0
8121,1,1,0
8124,0,2,1
8125,0,4,0
8126,1,7,1
8127,0,1,0
8128,1,10,0
8129,1,9,1
8130,1,1,0
8131,1,2,0
8132,1,5,0
8133,1,6,1
8134,0,7,1
8136,0,1,1
8137,1,1,0
8138,1,1,0
8139,1,8,0
8140,1,10,1
8141,0,4,0
8142,1,5,1
8145,1,8,1
8146,1,9,0
8147,1,8,1
8148,0,1,0
8149,0,3,0
8153,0,1,0
8154,1,8,0
8155,0,1,0
8156,0,4,0
8157,0,3,0
8158,0,1,0
8159,0,1,0
8160,0,5,0
8161,1,5,0
8163,1,5,1
8164,1,3,0
8166,1,10,0
8168,1,4,1
8169,1,3,0
8170,0,2,0
8171,0,2,1
8172,1,2,1
8173,0,5,1
8174,1,2,1
8179,0,4,1
8180,1,6,0
8181,1,7,0
8182,1,7,0
8183,0,1,1
8184,0,2,1
8185,1,4,1
8186,1,3,0
8187,1,10,1
8188,0,10,0
8189,0,1,0
8191,1,4,0
8193,1,5,1
8194,0,1,0
8195,1,9,0
8196,0,5,1
8197,0,2,1
8198,0,5,0
8199,0,3,0
8200,0,3,0
8201,0,9,1
8202,1,9,0
8203,1,9,1
8204,1,7,0
8205,0,2,1
8206,1,9,0
8207,0,2,1
8210,1,3,0
8211,0,1,0
8212,0,1,0
8214,1,6,1
8216,1,3,0
8218,0,3,0
8219,1,3,1
8222,0,5,1
8223,0,10,0
8225,0,1,0
8226,0,6,1
8227,1,10,0
8229,0,1,0
8230,0,3,0
8231,1,1,0
8232,1,6,1
8233,1,7,0
8234,0,3,0
8235,1,9,1
8238,0,1,0
8239,1,10,0
8240,1,2,0
8241,0,8,0
8243,0,5,0
8244,1,8,0
8245,0,1,0
8246,1,6,0
8247,1,2,0
8248,0,7,1
8249,0,6,1
8250,1,10,1
8252,1,6,0
8253,1,3,0
8255,1,2,0
8256,1,3,1
8257,1,7,1
8258,1,7,1
8259,1,1,0
8262,0,6,1
8263,1,2,0
8264,1,3,1
8265,1,3,0
8266,1,7,1
8267,1,3,1
8268,0,3,0
8269,1,9,1
8270,0,7,0
8275,0,3,0
8278,1,6,1
8280,1,6,0
8281,0,3,0
8283,0,6,1
8284,1,9,1
8285,1,6,1
8286,1,4,0
8287,0,7,1
8288,1,5,1
8289,0,6,0
8290,1,10,1
8291,1,1,0
8292,1,10,1
8294,0,1,0
8295,1,1,0
8298,0,2,0
8299,1,4,0
8302,0,1,0
8303,1,4,0
8304,0,10,0
8305,0,7,0
8306,1,9,1
8307,1,6,0
8308,1,7,1
8309,1,5,0
8310,0,3,0
8311,0,6,0
8312,1,6,0
8314,1,9,1
8315,1,6,1
8318,1,1,0
8321,1,6,1
8322,1,9,1
8324,1,3,0
8325,1,10,1
8326,0,5,1
8327,1,1,0
8328,0,8,1
8329,1,4,0
8330,1,2,0
8340,0,1,0
8341,0,5,0
8342,1,9,0
8344,1,8,1
8345,1,7,0
8346,0,1,0
8347,0,2,0
8348,0,1,0
8349,1,1,0
8350,1,7,1
8353,1,4,1
8354,0,8,1
8355,1,4,0
8356,0,4,1
8357,1,3,1
8358,1,6,0
8359,0,8,1
8360,1,9,1
8361,1,7,0
8362,0,6,1
8363,0,1,0
8365,1,3,0
8366,1,6,0
8367,1,10,1
8368,1,9,0
8369,0,2,0
8370,1,8,0
8371,1,1,0
8373,0,3,0
8374,1,5,0
8375,1,8,1
8376,0,1,0
8377,0,4,0
8378,0,10,1
8380,0,6,1
8381,1,4,0
8383,0,1,0
8386,1,5,0
8388,0,2,0
8390,0,3,0
8391,0,2,0
8394,1,3,1
8396,1,10,1
8398,1,3,0
8399,1,9,1
8401,0,9,1
8403,1,4,1
8405,1,4,0
8406,0,8,1
8407,0,3,1
8408,0,2,0
8410,1,10,1
8411,1,6,0
8413,1,5,1
8414,1,3,0
8415,0,6,0
8416,1,3,0
8417,1,3,0
8418,0,7,0
8419,1,1,0
8420,0,1,0
8421,1,7,0
8422,0,8,1
8423,1,2,0
8424,0,8,1
8425,1,5,1
8426,0,1,0
8428,0,6,1
8431,0,7,0
8432,1,9,1
8434,1,8,1
8435,1,2,0
8437,1,1,0
8438,0,10,1
8440,0,4,0
8441,0,1,0
8443,0,7,0
8444,0,10,0
8448,1,3,0
8449,0,3,1
8452,0,3,0
8455,1,3,0
8456,1,3,0
8457,1,2,0
8458,0,1,0
8459,0,2,0
8462,0,5,0
8463,1,5,0
8464,0,1,0
8465,1,4,0
8466,1,2,0
8467,1,5,1
8468,1,1,0
8469,1,4,1
8470,1,6,0
8471,1,4,1
8472,1,10,1
8473,0,7,1
8474,1,10,0
8475,0,2,1
8476,0,1,0
8477,1,4,0
8478,0,7,0
8479,1,4,1
8480,0,1,0
8481,0,2,0
8483,1,5,0
8484,0,3,1
8486,1,9,1
8487,0,8,0
8488,1,5,0
8489,0,4,0
8491,1,3,0
8492,1,10,1
8493,1,8,0
8494,0,2,0
8495,1,2,0
8496,0,3,1
8497,1,5,0
8498,0,3,0
8499,1,5,0
8500,1,7,1
8501,1,10,1
8503,1,2,0
8504,0,6,1
8505,1,9,1
8506,1,6,0
8508,1,2,0
8509,1,7,0
8510,1,4,0
8511,0,3,0
8512,1,9,1
8513,0,1,0
8514,0,1,1
8515,1,2,0
8517,1,3,1
8518,1,10,1
8519,0,1,0
8520,1,6,1
8524,1,5,1
8525,1,5,0
8526,1,9,0
8527,0,1,1
8528,1,2,0
8532,1,2,0
8533,1,5,0
8534,0,5,1
8535,1,4,1
8536,1,9,0
8538,0,5,0
8539,1,6,0
8540,1,1,0
8541,0,4,0
8543,1,10,1
8544,0,1,1
8546,0,5,0
8548,1,9,1
8549,0,1,0
8551,0,1,0
8552,1,10,1
8554,1,4,1
8556,1,8,0
8557,1,7,0
8558,1,1,1
8559,1,9,1
8560,0,1,0
8561,0,6,0
8562,1,3,0
8564,0,1,0
8565,1,10,1
8566,1,10,0
8568,1,5,1
8569,0,1,1
8570,0,6,1
8571,0,1,0
8572,1,5,0
8573,1,2,0
8574,0,2,0
8575,1,2,0
8576,1,4,1
8577,0,1,0
8578,0,5,1
8579,1,1,0
8580,1,9,0
8581,0,2,0
8582,0,1,0
8583,1,8,1
8585,0,1,0
8586,1,1,0
8587,1,1,0
8589,0,1,0
8591,1,9,0
8592,0,6,0
8594,0,7,1
8595,0,4,0
8596,1,4,1
8597,1,10,0
8598,1,7,1
8601,1,9,1
8602,0,7,1
8603,1,1,0
8604,1,6,0
8605,1,3,0
8606,1,7,1
8607,0,2,0
8608,1,6,1
8609,1,6,0
8610,0,2,0
8611,1,4,1
8612,1,9,1
8613,0,2,0
8614,1,5,0
8616,0,3,0
8617,1,5,0
8619,0,3,0
8620,1,6,0
8621,1,2,0
8622,1,8,1
8623,0,2,0
8624,0,2,0
8625,1,2,0
8626,0,8,1
8627,1,4,0
8628,1,7,0
8630,1,8,1
8631,1,1,0
8632,0,1,0
8633,0,4,1
8634,1,1,0
8635,1,1,0
8636,1,5,1
8638,1,8,1
8639,1,6,1
8640,0,4,0
8641,0,1,0
8642,0,6,0
8644,1,1,0
8646,0,5,0
8647,1,3,1
8648,1,2,0
8649,0,2,1
8651,1,7,1
8652,1,1,0
8654,1,3,0
8655,0,1,1
8656,1,6,0
8657,0,6,1
8658,1,9,0
8659,1,2,0
8660,1,9,0
8661,0,2,0
8665,1,6,1
8667,1,8,1
8668,0,3,0
8669,0,1,0
8670,0,6,0
8671,1,7,0
8672,1,5,0
8673,0,2,0
8674,1,1,0
8675,0,3,0
8676,1,3,0
8679,1,3,0
8680,0,2,0
8681,1,9,1
8683,0,2,0
8684,1,4,0
8685,1,8,1
8686,0,7,0
8688,0,7,0
8689,0,1,0
8690,1,3,0
8693,0,4,0
8694,0,5,0
8695,0,1,0
8696,0,2,0
8697,1,3,0
8698,0,3,0
8699,1,4,0
8700,1,9,1
8701,1,1,1
8702,0,6,1
8703,0,1,0
8704,0,3,0
8705,1,9,1
8706,0,4,1
8709,0,9,0
8710,1,2,0
8712,0,6,0
8713,0,10,0
8714,1,1,0
8715,1,7,1
8716,1,1,0
8717,1,1,0
8718,1,5,0
8719,0,1,1
8721,1,8,0
8722,0,3,0
8724,1,9,1
8725,1,9,0
8728,0,6,0
8729,0,1,0
8730,0,3,0
8731,0,1,1
8732,1,5,0
8733,1,2,0
8734,0,1,0
8735,1,1,0
8737,1,6,1
8738,0,3,0
8741,0,6,1
8742,0,2,1
8743,1,9,1
8744,1,7,1
8745,0,4,1
8746,0,4,0
8747,0,9,1
8748,0,3,1
8751,1,3,0
8752,0,1,0
8754,0,5,0
8756,1,9,1
8757,0,3,0
8758,0,4,1
8759,1,2,0
8760,1,7,1
8761,0,2,1
8762,0,1,0
8763,1,2,0
8764,1,6,0
8765,1,4,1
8768,1,3,0
8772,1,2,0
8773,1,6,1
8774,0,3,0
8775,1,9,0
8776,0,10,1
8777,0,4,0
8778,0,1,0
8780,1,9,0
8781,0,4,1
8782,0,1,0
8783,1,7,1
8786,1,2,0
8787,0,6,1
8788,1,9,0
8789,0,2,0
8791,0,6,0
8792,0,2,1
8793,0,3,0
8794,0,2,0
8795,1,3,0
8796,0,1,0
8797,1,5,0
8799,1,6,1
8800,0,4,1
8801,0,4,0
8802,1,8,0
8805,1,1,0
8806,1,5,0
8810,0,5,0
8811,1,1,0
8813,1,2,1
8814,1,3,1
8815,0,1,0
8816,0,2,0
8818,1,3,1
8820,1,9,1
8821,1,10,1
8822,1,7,0
8824,0,8,0
8825,1,6,0
8828,0,2,0
8829,1,2,0
8830,1,7,1
8832,1,5,1
8833,0,5,0
8834,1,8,1
8835,1,1,0
8836,1,7,0
8837,0,4,0
8838,0,4,0
8839,1,9,0
8840,1,9,0
8841,1,3,1
8842,0,3,0
8843,1,7,1
8847,1,5,1
8848,1,7,0
8849,1,5,0
8850,1,3,0
8851,0,9,0
8852,1,5,1
8854,1,4,0
8855,0,2,1
8857,0,5,0
8858,1,6,0
8859,1,4,1
8861,1,9,0
8865,0,1,0
8867,0,10,0
8868,1,4,0
8869,1,2,0
8871,1,4,1
8873,1,10,1
8874,1,2,0
8876,1,3,1
8877,0,1,0
8878,0,2,0
8879,1,4,0
8880,1,6,0
8881,1,10,1
8882,1,9,1
8883,1,8,0
8884,0,1,0
8885,1,8,1
8886,1,10,0
8889,0,2,0
8890,1,1,0
8891,0,4,1
8892,1,1,0
8893,1,6,0
8896,0,4,0
8897,1,1,0
8899,1,9,1
8900,1,9,0
8903,1,1,0
8904,1,2,0
8905,0,1,0
8906,0,10,1
8908,1,4,0
8909,0,1,0
8910,1,4,1
8912,0,9,0
8913,1,8,0
8914,1,3,1
8915,1,6,0
8917,1,6,0
8918,0,2,1
8919,1,2,0
8920,1,2,1
8921,0,1,1
8922,0,1,0
8924,1,4,1
8925,1,5,0
8926,1,6,1
8927,1,8,0
8930,1,8,1
8931,0,8,0
8932,0,2,0
8933,0,10,1
8935,1,9,0
8936,1,1,0
8937,1,6,0
8938,1,5,0
8939,1,4,0
8941,0,5,1
8942,0,4,1
8943,1,1,0
8944,1,1,0
8945,1,7,0
8947,0,3,0
8949,1,6,0
8951,1,3,0
8952,0,7,0
8953,0,5,0
8954,0,1,0
8956,1,1,0
8957,1,7,1
8958,0,1,0
8960,1,4,1
8962,0,3,0
8963,1,8,0
8964,1,4,1
8965,0,4,0
8968,1,3,0
8969,1,5,1
8970,0,1,1
8971,1,4,0
8972,1,6,1
8973,0,6,0
8974,1,8,1
8975,0,5,0
8976,0,1,0
8977,1,7,0
8981,0,4,1
8982,0,5,0
8983,0,1,0
8985,1,3,0
8986,1,9,0
8987,1,2,0
8988,1,2,0
8989,1,7,1
8991,1,9,1
8992,0,9,1
8993,1,2,0
8994,0,1,0
8995,0,8,0
8996,1,6,0
8997,1,1,0
8998,0,1,1
8999,1,10,1
9000,0,4,0
9001,0,8,0
9002,1,8,0
9003,1,4,0
9004,1,2,0
9005,0,5,0
9007,0,1,0
9010,1,1,1
9011,0,1,0
9012,0,1,0
9013,0,1,0
9015,0,10,0
9016,0,4,0
9018,1,8,0
9020,0,5,1
9022,1,4,1
9023,0,1,0
9024,1,9,0
9025,1,8,0
9026,0,6,0
9028,1,1,0
9029,0,2,0
9031,1,7,1
9032,1,6,0
9034,1,1,1
9035,1,7,0
9037,1,4,0
9038,1,1,0
9039,1,3,0
9040,1,1,0
9041,0,1,0
9042,0,5,0
9043,0,5,1
9044,1,7,1
9045,0,5,0
9046,0,5,0
9048,0,2,0
9049,1,1,0
9050,1,1,0
9051,1,4,0
9052,0,2,0
9053,1,2,0
9054,1,7,1
9056,1,6,1
9057,1,9,0
9058,0,4,1
9059,1,7,0
9060,0,5,1
9061,1,8,1
9062,0,5,0
9064,1,8,1
9065,1,1,0
9066,0,5,0
9067,0,5,1
9070,0,7,1
9071,0,10,0
9072,1,7,1
9073,1,1,0
9074,1,7,0
9076,1,2,1
9077,0,7,1
9078,1,5,0
9080,0,1,1
9082,1,8,0
9083,1,7,1
9084,1,4,0
9085,0,5,0
9086,1,9,1
9087,0,1,1
9089,0,2,0
9092,0,1,1
9093,1,8,0
9094,1,8,1
9095,0,1,0
9096,1,5,0
9097,1,6,1
9098,1,9,0
9100,1,5,0
9101,1,2,0
9102,1,4,1
9105,1,1,0
9106,0,2,1
9107,1,2,0
9109,0,6,0
9110,1,8,1
9111,1,4,1
9112,0,7,1
9115,0,7,1
9117,0,2,0
9119,1,7,1
9120,1,6,0
9121,1,5,0
9122,1,5,0
9123,0,1,0
9125,0,2,1
9126,1,2,0
9128,0,9,1
9129,1,6,0
9130,1,9,1
9132,0,5,0
9133,0,5,0
9136,1,4,0
9137,1,3,0
9138,0,3,0
9139,0,6,0
9140,1,3,0
9141,1,7,0
9143,0,2,0
9144,1,3,1
9145,1,2,1
9146,1,5,0
9148,0,3,0
9150,0,9,1
9152,1,9,0
9153,0,9,0
9154,1,1,0
9155,0,7,1
9156,0,6,1
9157,1,10,1
9159,0,2,1
9160,1,9,0
9163,1,8,1
9164,1,6,0
9165,1,9,0
9166,1,4,0
9167,1,3,0
9168,1,2,0
9170,0,1,0
9172,1,7,1
9173,0,8,0
9174,0,8,1
9176,0,1,1
9178,1,4,1
9180,1,7,0
9182,1,7,1
9183,0,2,0
9184,0,2,0
9185,1,2,1
9186,1,9,0
9189,0,2,0
9190,0,1,0
9191,1,9,1
9192,1,1,0
9193,0,2,0
9194,0,2,0
9195,1,4,0
9196,0,3,1
9198,1,3,0
9199,1,2,0
9201,1,2,1
9204,0,4,0
9206,1,8,1
9207,1,2,0
9208,1,9,1
9209,1,4,1
9211,1,10,0
9212,0,1,0
9213,1,8,0
9214,1,4,0
9215,0,4,0
9216,0,1,0
9217,1,2,0
9218,1,9,0
9219,1,7,0
9220,0,1,0
9221,0,7,1
9222,0,1,0
9224,0,1,0
9225,1,8,1
9226,0,1,1
9227,0,2,0
9228,1,6,0
9229,1,8,0
9230,0,5,0
9231,0,4,0
9232,0,4,1
9235,0,1,1
9236,1,9,0
9238,1,1,0
9239,1,4,1
9240,1,5,1
9241,0,1,0
9242,0,1,0
9243,0,3,0
9244,1,3,1
9245,1,3,0
9246,0,1,0
9247,1,6,1
9248,1,7,0
9251,0,4,0
9252,0,3,0
9253,0,7,0
9254,1,2,0
9255,0,6,1
9256,0,9,1
9257,1,2,0
9258,0,1,0
9259,0,9,1
9260,0,2,0
9261,1,7,1
9262,1,8,0
9263,0,3,0
9266,1,5,0
9267,0,2,0
9268,0,2,1
9269,1,2,0
9270,1,6,0
9271,0,1,0
9272,0,1,0
9273,0,4,1
9274,1,4,0
9275,1,2,0
9276,0,1,0
9277,1,3,0
9279,0,7,0
9280,0,4,0
9281,1,1,0
9282,1,7,0
9283,0,1,1
9284,0,1,0
9285,1,2,0
9286,1,5,0
9287,1,7,1
9288,0,4,0
9290,0,5,0
9292,1,9,0
9293,1,6,1
9296,1,9,1
9297,1,8,0
9300,0,5,1
9303,1,9,0
9305,0,7,0
9306,1,5,1
9307,1,9,1
9308,0,3,1
9310,0,1,0
9313,0,2,0
9314,0,1,0
9317,1,1,0
9318,1,6,1
9319,1,6,1
9320,1,1,0
9322,1,10,1
9323,0,9,1
9324,0,6,1
9326,0,5,1
9327,1,9,1
9329,1,6,0
9330,0,5,0
9331,0,5,0
9332,1,7,0
9333,1,7,0
9334,1,6,1
9335,1,2,1
9336,1,4,0
9337,0,5,0
9338,1,1,1
9339,0,2,1
9340,1,5,0
9342,0,4,0
9343,1,9,0
9344,1,4,1
9346,1,6,0
9348,0,6,0
9350,0,5,0
9351,1,6,0
9352,0,10,0
9353,0,3,1
9354,0,4,0
9356,1,8,0
9357,1,4,0
9358,1,7,1
9361,1,9,0
9362,0,2,0
9364,1,8,0
9367,1,9,1
9369,1,4,0
9370,1,3,1
9371,1,9,0
9372,1,9,0
9373,1,3,0
9374,1,7,0
9375,1,7,1
9378,0,9,1
9380,0,4,0
9381,0,1,0
9382,1,6,0
9383,1,5,0
9386,1,4,1
9387,0,2,0
9388,0,1,0
9389,1,2,0
9390,1,4,0
9391,1,2,0
9392,0,5,1
9393,0,5,1
9394,0,8,0
9395,1,6,0
9396,0,4,0
9398,1,2,1
9400,1,4,0
9401,0,2,1
9402,1,10,1
9403,1,3,0
9404,1,6,1
9405,1,10,1
9406,0,1,0
9407,1,7,0
9409,1,6,0
9410,0,6,0
9412,1,1,0
9413,1,9,1
9414,0,2,1
9415,0,1,1
9416,1,5,1
9417,0,6,1
9418,1,3,0
9419,1,3,1
9420,1,3,0
9422,1,9,0
9423,0,7,0
9425,0,1,0
9427,0,6,0
9428,0,2,0
9430,1,5,0
9433,1,1,0
9435,0,5,0
9436,1,7,1
9438,1,7,0
9439,1,6,1
9440,1,5,0
9441,1,9,1
9442,1,8,1
9443,1,8,1
9444,0,5,0
9445,0,4,0
9447,1,1,0
9448,0,5,0
9450,1,7,0
9451,1,7,1
9452,1,7,1
9453,0,5,0
9454,0,1,0
9455,0,1,0
9456,1,7,0
9458,1,3,1
9462,0,6,1
9464,0,2,0
9465,1,1,0
9466,1,1,0
9467,1,7,1
9468,1,3,0
9471,0,1,0
9473,1,7,0
9475,1,1,0
9476,1,2,0
9479,0,1,0
9481,1,7,0
9482,1,6,0
9483,1,8,1
9484,0,2,0
9485,0,1,0
9486,1,5,1
9487,0,1,0
9488,0,4,1
9489,0,4,0
9491,0,5,0
9492,1,6,0
9493,1,5,0
9494,0,7,0
9496,0,1,0
9497,1,8,0
9498,1,2,0
9499,1,7,1
9500,0,2,0
9502,1,5,0
9504,1,5,0
9506,1,9,1
9509,1,7,1
9510,0,2,0
9512,1,6,0
9513,1,1,0
9514,0,1,0
9515,1,4,0
9516,1,2,1
9517,0,1,0
9518,0,1,0
9519,0,6,1
9521,0,7,0
9522,1,9,0
9523,1,5,1
9524,0,10,0
9526,0,8,1
9527,1,2,0
9528,1,4,0
9529,1,8,1
9532,1,5,1
9533,1,9,0
9534,1,6,1
9536,1,8,1
9538,1,3,1
9539,0,10,0
9540,1,2,1
9541,1,5,1
9542,1,8,1
9544,0,9,1
9545,1,4,0
9546,1,8,0
9547,0,4,0
9548,0,1,0
9549,1,9,0
9550,1,8,1
9553,0,2,0
9554,0,2,0
9557,1,4,0
9558,0,10,0
9560,0,8,1
9561,0,7,1
9562,1,4,1
9563,0,6,0
9564,1,5,0
9565,1,2,0
9566,0,8,1
9567,1,3,0
9568,1,6,1
9569,0,1,0
9570,1,3,1
9571,1,1,0
9574,1,5,0
9575,0,8,0
9578,1,7,0
9579,1,4,0
9580,1,7,0
9581,1,3,0
9582,0,4,0
9583,0,1,0
9584,1,7,1
9585,1,9,0
9586,1,5,1
9588,0,2,0
9589,1,6,0
9591,1,5,1
9592,0,3,0
9593,0,1,0
9594,1,6,0
9595,0,6,0
9596,1,10,1
9597,0,4,0
9598,0,6,0
9600,0,4,1
9603,1,2,1
9604,1,5,1
9605,1,2,0
9606,0,6,1
9607,0,1,0
9608,0,6,0
9610,0,1,0
9612,0,1,1
9613,0,4,1
9615,1,7,0
9616,1,5,0
9617,1,4,1
9618,0,6,1
9619,0,6,1
9620,0,10,1
9621,0,2,0
9623,0,7,0
9624,1,3,0
9626,1,8,1
9627,0,4,1
9628,1,10,1
9629,1,9,0
9630,0,1,0
9631,0,4,0
9632,0,1,0
9635,0,1,0
9636,1,10,1
9637,0,3,0
9640,1,9,1
9641,0,1,0
9642,0,3,0
9643,0,1,0
9644,1,6,0
9646,1,9,1
9647,1,10,0
9648,0,4,0
9650,1,3,0
9652,0,1,0
9653,0,7,0
9654,1,2,1
9655,0,3,1
9656,1,2,1
9658,1,10,0
9659,1,4,0
9661,1,8,0
9662,0,3,0
9663,1,4,0
9664,0,3,1
9665,0,5,0
9666,1,8,0
9667,0,4,1
9668,1,2,0
9669,1,1,0
9670,0,2,0
9672,1,8,0
9673,1,4,0
9674,0,8,1
9676,1,9,0
9677,1,1,0
9678,0,1,0
9679,1,5,0
9680,1,2,0
9681,1,7,1
9685,1,7,1
9686,1,4,0
9687,1,7,0
9688,0,2,0
9689,1,4,0
9690,1,2,0
9691,1,6,0
9692,0,1,0
9695,0,1,0
9696,0,9,0
9697,1,6,0
9698,1,6,1
9700,1,10,0
9701,0,4,0
9703,1,3,1
9704,1,3,0
9705,0,9,0
9706,0,7,0
9708,1,2,1
9709,1,9,0
9710,1,5,1
9711,0,2,0
9712,1,4,1
9713,0,1,0
9714,1,10,1
9715,0,1,0
9716,1,6,0
9717,0,1,0
9718,1,8,0
9719,1,7,0
9720,0,3,1
9721,0,1,0
9722,0,6,1
9723,1,4,0
9724,1,1,0
9726,0,2,0
9727,1,5,1
9728,1,1,0
9729,1,5,1
9730,0,2,0
9731,1,4,0
9732,1,6,1
9733,1,4,1
9734,0,4,0
9736,1,8,0
9737,0,1,0
9738,1,7,0
9739,1,8,1
9740,1,9,1
9741,1,10,1
9742,1,5,0
9743,1,10,0
9744,1,3,0
9745,1,7,1
9747,1,4,1
9748,1,6,1
9749,0,10,1
9750,1,2,0
9752,1,4,1
9754,1,4,1
9755,1,6,1
9756,1,3,1
9757,1,6,0
9758,0,4,1
9759,0,5,0
9761,1,7,0
9762,0,5,0
9763,0,10,0
9767,0,1,0
9771,1,2,0
9773,1,6,1
9774,0,2,1
9775,0,1,0
9777,1,3,1
9778,1,6,0
9779,1,8,0
9780,1,7,1
9781,0,9,1
9782,1,10,0
9783,1,4,1
9784,1,2,0
9785,0,2,0
9786,1,10,1
9787,1,5,1
9788,1,8,0
9789,1,1,0
9790,1,2,1
9791,0,5,0
9792,0,1,0
9793,0,1,1
9799,0,5,1
9800,0,2,0
9801,1,5,0
9802,1,1,0
9803,1,8,0
9805,1,7,1
9808,0,5,0
9810,1,9,0
9811,1,9,1
9812,1,7,0
9813,0,5,0
9814,1,8,1
9815,1,3,1
9816,1,9,0
9817,1,5,1
9818,0,5,1
9819,0,1,0
9820,1,4,0
9821,0,9,0
9822,0,4,1
9823,1,5,0
9825,0,2,0
9826,1,10,1
9827,0,2,0
9828,1,10,0
9829,0,2,0
9830,0,2,0
9832,0,4,1
9833,0,1,0
9834,1,5,1
9835,1,2,0
9837,0,5,0
9838,1,1,0
9839,0,5,0
9840,0,1,1
9841,1,3,0
9843,1,8,1
9844,0,1,1
9845,1,1,1
9846,0,3,1
9847,1,6,1
9848,0,6,0
9850,1,2,0
9851,1,1,1
9852,1,10,1
9853,0,6,1
9854,1,3,1
9855,0,2,0
9856,1,9,0
9857,1,9,1
9859,0,9,0
9860,0,3,0
9861,0,2,0
9863,1,10,0
9864,1,1,1
9865,1,4,1
9866,1,7,0
9867,1,3,1
9868,1,10,0
9869,1,6,0
9871,0,6,0
9872,1,6,1
9873,0,3,0
9875,1,1,1
9876,0,3,0
9877,0,5,1
9878,1,5,0
9879,1,3,1
9880,0,1,0
9881,0,7,1
9883,1,4,1
9884,1,2,0
9885,1,7,0
9888,1,4,0
9889,1,6,0
9890,1,1,0
9891,1,2,1
9892,1,10,1
9893,1,9,0
9894,0,9,1
9895,1,7,0
9897,0,1,0
9898,1,9,1
9899,1,2,0
9901,1,2,0
9902,1,1,1
9904,1,9,1
9905,0,5,1
9906,0,2,0
9907,1,9,1
9908,1,10,1
9909,1,9,1
9910,1,9,1
9911,0,1,0
9913,0,1,0
9914,0,4,1
9916,0,4,0
9917,1,1,0
9918,0,5,0
9919,1,4,0
9920,0,3,1
9921,1,5,0
9922,1,3,0
9923,1,5,1
9924,0,3,1
9925,1,5,0
9926,0,10,1
9927,1,1,0
9928,0,6,0
9930,0,1,0
9931,1,1,0
9932,1,8,0
9933,1,10,1
9934,1,5,1
9935,1,10,1
9937,1,1,1
9939,0,1,0
9940,1,9,1
9943,0,1,0
9944,0,1,1
9945,0,2,1
9947,0,6,0
9948,1,7,0
9950,0,7,0
9951,0,2,0
9952,0,1,0
9953,1,3,1
9955,1,1,0
9956,1,1,1
9959,1,6,0
9960,1,2,0
9961,1,6,0
9962,0,3,0
9963,1,9,0
9964,0,3,0
9965,0,4,0
9966,1,5,1
9967,1,8,0
9968,1,6,1
9969,0,5,1
9970,1,7,1
9971,0,1,0
9972,1,2,0
9973,1,10,1
9974,1,10,0
9975,1,7,0
9976,0,1,0
9977,1,5,1
9978,1,1,0
9979,0,1,0
9980,1,6,1
9981,1,6,1
9982,0,1,0
9983,1,3,1
9984,1,8,0
9985,0,4,0
9987,1,4,1
9988,1,1,0
9989,1,9,1
9991,0,4,0
9993,1,1,0
9996,0,1,1
9997,1,4,1
9998,1,10,0
9999,0,4,0
10000,0,1,0
10001,0,6,0
10003,1,4,0
10004,1,5,0
10005,1,2,0
10006,0,10,1
10007,1,6,0
10008,0,4,1
10009,1,7,1
10010,1,9,1
10011,1,3,1
10012,1,6,1
10013,1,4,1
10015,1,4,1
10018,1,5,0
10019,1,5,1
10020,0,4,0
10021,0,4,0
10022,1,6,1
10023,0,5,0
10025,1,4,1
10027,1,6,0
10028,1,9,0
10029,0,1,0
10031,0,4,0
10032,0,2,1
10033,1,6,1
10034,1,4,0
10035,1,5,0
10036,1,4,1
10037,1,4,1
10038,1,4,0
10039,1,9,1
10040,1,1,1
10042,1,7,1
10043,0,1,0
10044,0,2,1
10045,1,6,1
10046,0,6,1
10047,0,1,0
10048,0,5,1
10049,1,9,0
10051,0,10,1
10052,1,5,0
10054,1,5,0
10058,1,5,0
10059,1,7,0
10060,0,7,0
10061,1,1,0
10062,0,5,1
10063,1,6,0
10064,1,1,0
10065,0,4,0
10066,1,6,0
10067,0,7,0
10068,0,4,0
10069,0,2,0
10070,0,4,0
10072,0,3,1
10075,0,2,0
10076,1,4,0
10077,1,6,0
10081,1,8,1
10082,0,1,0
10083,0,1,0
10085,1,4,0
10086,0,2,1
10087,0,2,1
10088,1,2,0
10089,0,2,0
10090,0,1,0
10091,1,5,1
10092,1,2,1
10094,0,3,0
10095,1,3,0
10097,1,3,1
10098,0,1,0
10101,0,1,0
10103,0,8,0
10105,0,9,0
10106,1,6,0
10107,1,5,0
10110,1,4,1
10111,1,2,0
10112,1,5,1
10113,1,6,0
10116,1,1,0
10117,1,4,0
10119,1,9,1
10121,1,9,1
10123,0,6,1
10126,0,6,1
10127,0,7,1
10128,1,8,0
10129,1,8,1
10130,1,1,0
10131,1,9,0
10132,0,1,1
10133,0,2,0
10136,1,3,1
10137,1,7,0
10139,1,3,1
10141,1,6,1
10142,1,8,0
10143,1,8,1
10147,1,5,0
10148,1,7,1
10149,0,3,0
10150,1,2,1
10155,1,4,0
10156,0,6,0
10157,1,9,1
10158,1,9,1
10159,0,1,0
10160,1,9,0
10161,0,2,0
10162,1,10,0
10163,1,6,0
10165,1,2,1
10166,0,1,0
10167,1,6,1
10168,0,1,0
10169,0,7,1
10171,1,3,1
10172,1,8,0
10173,1,8,1
10174,0,7,1
10175,1,7,0
10176,1,6,1
10177,1,10,0
10178,0,1,0
10179,1,1,0
10180,0,3,0
10181,1,9,0
10182,0,2,0
10183,1,9,0
10184,1,8,0
10185,1,2,0
10186,0,6,0
10187,1,7,0
10188,0,4,1
10189,1,10,1
10190,0,5,0
10192,1,3,0
10193,1,5,0
10194,1,8,1
10196,0,9,0
10197,1,10,1
10199,0,1,0
10200,0,3,0
10202,1,8,1
10203,1,3,0
10204,0,1,0
10207,1,6,0
10210,1,9,0
10211,1,4,0
10213,0,2,0
10214,1,10,0
10215,1,8,0
10216,1,8,0
10217,1,8,1
10218,1,4,1
10219,0,8,1
10220,1,3,0
10221,1,10,0
10223,1,7,0
10224,1,5,0
10226,1,7,1
10228,0,1,0
10229,1,2,0
10230,0,1,0
10231,1,1,0
10232,1,1,1
10233,1,5,0
10234,1,1,1
10235,1,9,0
10236,0,9,0
10237,0,9,1
10238,0,6,0
10239,1,1,0
10241,1,6,1
10242,0,7,0
10246,1,10,0
10247,1,7,0
10249,0,1,0
10250,1,10,1
10251,0,2,0
10252,1,4,0
10254,1,9,0
10255,0,9,0
10256,0,4,0
10258,0,3,1
10259,0,1,0
10260,0,9,1
10261,1,2,0
10263,1,3,0
10265,0,3,0
10266,0,4,0
10267,1,8,0
10269,0,3,0
10272,1,4,0
10273,1,3,1
10274,1,8,1
10275,1,7,0
10276,1,1,1
10277,1,7,1
10278,1,4,0
10279,1,2,0
10280,1,10,1
10281,0,1,0
10283,1,5,1
10284,1,4,0
10286,1,10,0
10287,0,3,0
10289,0,8,1
10290,1,10,1
10291,1,8,0
10292,1,8,0
10293,0,3,0
10294,0,5,0
10295,1,5,0
10296,1,3,0
10297,1,8,0
10298,1,5,1
10299,1,5,0
10300,0,1,0
10301,1,3,1
10302,1,2,1
10304,0,10,0
10305,1,6,1
10306,0,1,1
10307,1,6,0
10308,0,4,0
10309,1,5,1
10310,1,3,0
10311,1,3,0
10312,1,2,1
10313,1,10,0
10314,0,6,1
10315,1,1,1
10317,1,1,0
10318,1,3,0
10319,1,1,1
10321,1,5,0
10324,1,4,1
10326,1,10,1
10327,0,5,0
10330,0,1,0
10331,1,7,0
10334,1,6,1
10336,1,8,1
10338,0,2,1
10339,1,10,1
10340,0,6,0
10341,1,9,0
10342,0,3,0
10344,1,2,0
10345,1,1,0
10346,1,8,1
10347,1,2,0
10348,1,2,0
10349,1,1,1
10350,0,1,0
10351,1,4,1
10352,0,6,0
10353,1,2,0
10354,1,6,0
10357,0,2,0
10359,1,6,1
10360,0,1,0
10361,0,9,0
10363,1,9,1
10365,0,3,0
10366,1,7,0
10367,1,6,1
10368,1,9,0
10370,0,3,0
10372,0,1,1
10373,1,3,0
10375,1,4,1
10376,0,1,0
10377,0,1,0
10378,0,6,1
10379,1,7,1
10381,1,6,1
10382,1,5,0
10383,1,9,1
10384,1,2,0
10385,0,9,0
10386,0,7,0
10387,1,2,1
10388,1,6,1
10389,0,6,0
10390,0,4,1
10391,1,9,0
10392,1,10,0
10393,1,10,1
10394,1,1,0
10396,1,8,0
10397,0,6,0
10398,0,4,0
10399,0,5,0
10400,0,7,0
10401,0,1,0
10402,0,1,0
10403,0,5,1
10405,0,2,0
10406,1,7,0
10407,1,8,1
10409,0,2,0
10410,0,6,0
10412,0,1,0
10413,1,1,0
10415,1,1,0
10416,1,7,0
10417,0,1,0
10418,0,4,0
10420,0,4,1
10421,1,9,0
10422,0,3,1
10423,0,2,1
10424,1,1,0
10425,1,1,1
10426,0,1,0
10427,0,2,0
10428,0,4,0
10431,0,1,0
10432,1,4,0
10436,1,10,0
10437,0,4,1
10438,0,3,0
10439,1,3,0
10440,0,1,0
10442,1,10,0
10444,1,6,1
10446,1,4,0
10447,0,1,0
10448,1,4,1
10449,1,2,0
10450,0,2,1
10451,1,4,1
10452,1,1,0
10454,1,6,1
10456,1,7,1
10457,1,7,1
10459,1,5,0
10460,1,1,0
10462,0,3,0
10463,1,7,1
10464,0,1,0
10467,0,1,0
10469,1,1,0
10471,1,3,1
10472,0,3,0
10474,0,6,0
10476,0,5,0
10478,1,3,0
10480,1,7,1
10481,1,8,0
10483,1,5,0
10484,0,1,0
10485,1,8,0
10486,0,1,0
10487,0,2,1
10488,1,3,0
10490,0,2,1
10491,0,3,0
10494,1,7,1
10495,0,3,0
10496,1,10,0
10498,0,1,0
10499,0,9,1
10500,1,6,1
10501,1,4,0
10502,0,1,0
10503,1,6,0
10505,1,9,0
10506,1,7,1
10507,0,2,0
10508,1,7,0
10509,1,7,0
10510,0,1,0
10511,1,9,1
10512,1,10,1
10513,0,1,0
10514,0,9,0
10515,1,1,0
10516,0,1,0
10517,1,6,0
10518,1,5,1
10519,1,9,1
10520,1,4,1
10521,0,2,0
10522,0,1,0
10524,1,6,0
10525,1,4,1
10526,0,6,0
10530,1,3,0
10531,0,8,1
10532,1,4,1
10533,1,8,1
10534,1,8,0
10535,1,6,1
10536,1,9,1
10537,0,1,0
10538,1,6,0
10539,0,5,1
10540,0,1,1
10541,0,5,1
10542,0,7,1
10543,0,1,1
10544,0,1,0
10545,1,7,0
10546,0,6,0
10547,1,5,1
10550,0,4,0
10551,1,1,0
10552,0,1,0
10553,1,8,1
10554,1,7,1
10555,1,3,1
10556,1,3,0
10557,1,4,0
10558,1,6,1
10559,1,6,0
10560,0,1,1
10561,1,10,0
10562,1,6,0
10563,1,3,0
10564,0,3,0
10566,1,7,0
10567,0,3,0
10568,0,4,0
10569,1,10,0
10570,0,3,0
10571,0,10,1
10572,1,8,1
10575,0,4,0
10576,0,1,0
10577,0,2,1
10579,1,4,1
10580,0,8,0
10581,1,4,1
10582,1,6,1
10584,0,5,1
10585,1,5,0
10586,1,5,1
10589,1,5,1
10590,1,5,1
10591,0,5,1
10595,0,1,0
10597,0,5,0
10599,1,5,1
10600,1,8,0
10601,0,2,0
10602,1,9,0
10604,0,6,1
10606,0,9,0
10607,0,5,1
10608,0,2,1
10610,0,7,0
10611,0,3,1
10612,0,1,0
10614,1,10,1
10616,1,5,0
10617,0,1,1
10618,1,3,1
10619,1,10,1
10620,0,1,0
10622,1,6,0
10625,1,4,0
10626,0,1,0
10627,0,4,0
10629,0,1,1
10630,1,3,0
10631,0,3,0
10633,0,7,0
10634,1,10,0
10635,0,2,0
10636,0,7,0
10637,0,2,1
10638,1,2,0
10640,0,3,0
10641,1,5,1
10643,1,10,0
10645,1,7,0
10646,1,8,1
10647,0,5,1
10649,1,5,0
10651,0,6,0
10652,1,6,1
10653,1,2,0
10656,1,4,0
10657,0,2,0
10659,1,10,1
10661,0,4,0
10663,1,1,0
10664,1,10,1
10665,1,6,1
10666,1,7,1
10668,1,9,0
10669,0,1,1
10670,1,1,0
10671,1,3,1
10672,1,6,0
10673,1,7,1
10674,1,10,0
10675,0,3,1
10677,1,9,1
10679,0,1,0
10680,1,6,1
10683,1,1,0
10684,1,1,0
10685,1,2,0
10686,0,1,0
10687,1,9,0
10688,0,8,0
10690,1,6,0
10691,1,1,0
10692,1,9,1
10694,1,6,0
10695,0,8,1
10696,1,10,0
10697,0,8,1
10698,1,3,1
10699,1,10,1
10700,1,10,1
10701,1,10,0
10702,1,6,0
10703,1,7,0
10704,1,5,0
10706,1,7,0
10707,0,10,1
10708,0,4,0
10709,0,1,0
10710,1,10,0
10712,1,6,1
10714,0,1,0
10715,0,5,0
10719,1,4,0
10720,1,6,1
10721,0,2,0
10723,0,6,1
10725,1,4,0
10727,0,1,0
10728,1,7,1
10729,1,1,1
10730,1,2,0
10732,0,3,0
10733,1,2,1
10734,1,5,0
10735,1,1,0
10736,1,6,1
10737,0,3,0
10742,1,6,0
10743,1,6,1
10744,1,9,0
10745,1,6,0
10746,1,6,0
10748,0,1,0
10749,1,2,0
10750,0,3,0
10752,0,4,0
10753,1,10,1
10756,0,4,0
10757,1,6,1
10758,1,2,0
10759,0,2,0
10761,1,4,1
10763,1,1,0
10764,1,10,1
10765,1,4,0
10766,1,7,1
10767,0,7,0
10768,0,3,1
10769,0,1,0
10770,0,1,0
10771,1,2,0
10772,1,10,0
10773,0,8,1
10774,1,1,1
10777,1,4,0
10778,0,1,1
10779,0,3,0
10780,0,1,0
10781,1,1,1
10782,1,2,0
10783,0,1,0
10784,0,2,0
10785,0,2,0
10786,0,3,0
10787,1,7,1
10789,1,4,0
10791,1,8,0
10792,1,3,0
10793,0,7,1
10794,1,6,1
10795,1,5,1
10796,1,1,0
10797,0,9,0
10799,1,4,1
10800,0,3,0
10801,1,5,1
10802,1,9,0
10803,0,1,0
10805,0,5,0
10806,1,4,1
10807,0,9,1
10808,0,5,1
10809,1,1,0
10810,1,6,0
10811,0,5,0
10812,1,10,0
10813,1,5,0
10814,1,4,1
10815,1,1,0
10816,0,6,0
10818,0,3,1
10820,0,1,0
10821,1,5,1
10822,0,4,0
10824,1,4,1
10826,1,3,0
10827,0,1,0
10829,1,6,0
10831,0,8,1
10833,1,5,0
10834,0,1,0
10836,1,6,1
10837,1,6,0
10838,1,6,1
10839,1,9,1
10840,0,1,0
10841,1,1,1
10842,1,6,0
10844,0,8,1
10845,0,1,0
10847,1,3,0
10849,1,7,1
10850,1,10,0
10851,1,3,1
10852,1,3,0
10853,1,10,0
10855,1,6,1
10857,1,6,0
10858,1,2,0
10859,1,8,0
10860,1,6,0
10861,0,5,0
10863,1,2,1
10864,1,7,1
10865,0,1,0
10866,1,1,0
10867,1,6,0
10868,1,2,0
10869,1,10,1
10870,0,8,1
10871,0,1,0
10872,0,1,0
10873,1,5,1
10874,1,4,0
10876,1,2,0
10879,0,1,0
10882,0,4,0
10883,1,4,1
10884,0,6,1
10886,1,7,1
10887,1,10,0
10888,1,8,1
10889,1,7,0
10890,1,10,0
10891,0,5,0
10893,0,2,0
10894,1,4,0
10895,1,8,1
10896,1,6,1
10897,0,8,1
10899,0,5,1
10901,0,1,0
10903,1,10,1
10904,0,1,0
10905,0,4,0
10906,1,8,0
10907,0,5,0
10908,1,10,0
10909,0,10,1
10911,0,4,0
10913,1,7,1
10914,1,5,1
10917,1,5,1
10918,0,3,0
10919,1,6,1
10920,0,5,0
10921,1,2,0
10922,0,1,0
10923,0,1,0
10924,1,2,0
10925,0,2,1
10926,0,7,0
10927,1,6,0
10928,1,5,0
10930,1,7,1
10932,1,3,0
10934,0,1,0
10936,1,6,1
10937,0,8,0
10938,0,1,0
10939,0,1,0
10940,0,9,0
10941,0,4,1
10942,1,5,1
10944,0,6,0
10945,1,8,1
10946,1,5,0
10947,1,9,1
10948,0,3,0
10949,1,9,1
10950,0,1,1
10952,0,2,0
10954,0,7,0
10955,0,2,0
10956,0,1,0
10957,1,6,1
10958,0,6,0
10959,1,4,0
10960,1,6,1
10961,1,1,0
10962,0,6,1
10963,0,4,0
10964,1,4,0
10965,0,4,1
10966,0,1,0
10967,1,2,1
10968,1,6,0
10969,1,3,1
10971,0,2,0
10972,0,2,0
10973,1,8,0
10974,1,6,0
10975,1,2,0
10976,0,1,1
10977,1,7,1
10978,0,3,0
10979,1,1,0
10980,1,2,0
10981,1,5,0
10982,0,8,0
10983,1,4,0
10984,1,7,1
10985,1,10,1
10986,1,1,0
10989,1,4,0
10990,0,10,1
10991,0,2,0
10992,0,6,1
10993,0,7,0
10994,1,2,1
10995,1,9,0
10996,1,7,0
10997,1,3,0
10998,1,6,0
11000,1,2,0
11002,1,9,1
11003,1,1,1
11004,0,2,0
11005,0,5,0
11006,1,2,0
11007,1,8,0
11008,1,8,0
11009,1,8,0
11010,1,7,0
11012,1,9,0
11013,0,3,1
11014,1,10,0
11015,1,5,0
11016,0,1,0
11017,0,2,1
11018,0,7,0
11019,0,1,0
11021,1,3,1
11024,1,9,0
11025,1,6,0
11026,0,3,0
11027,0,2,0
11029,1,6,0
11030,0,1,0
11031,0,1,1
11033,1,9,1
11034,1,7,1
11036,1,6,0
11038,1,9,1
11040,0,2,1
11041,0,5,0
11042,1,2,0
11043,1,10,1
11044,0,2,0
11046,1,3,0
11047,1,5,0
11049,0,3,0
11050,1,9,1
11051,1,7,0
11053,1,8,1
11054,1,10,1
11058,1,7,1
11059,0,3,0
11062,0,2,0
11063,1,7,0
11064,1,4,0
11066,0,2,0
11067,1,1,0
11068,0,1,0
11069,0,9,0
11070,1,9,1
11071,1,3,1
11072,0,3,0
11073,0,1,0
11074,0,9,1
11077,1,5,1
11078,1,9,1
11079,1,8,1
11080,1,2,0
11081,1,7,1
11084,1,10,0
11085,0,1,1
11087,0,2,0
11089,1,5,0
11090,1,1,0
11091,1,3,0
11092,0,4,0
11093,0,1,0
11094,0,3,1
11095,0,1,0
11096,1,1,0
11097,1,7,0
11098,0,6,0
11099,1,6,1
11100,1,8,0
11101,0,1,1
11102,1,6,0
11103,0,1,0
11104,1,1,0
11107,1,9,1
11108,0,6,1
11109,1,2,0
11110,1,1,1
11111,0,6,0
11112,1,1,0
11113,0,6,1
11114,0,4,0
11115,1,8,0
11116,1,6,1
11117,1,1,0
11119,1,9,1
11122,1,10,1
11123,1,5,1
11125,0,2,0
11126,1,2,0
11127,1,8,0
11128,1,4,0
11129,1,8,1
11130,0,2,1
11131,1,7,1
11132,0,3,0
11133,1,7,0
11134,1,9,0
11136,0,2,1
11138,1,2,0
11139,1,10,0
11140,1,10,0
11141,0,8,0
11142,0,3,0
11143,1,2,0
11144,1,6,1
11145,1,2,1
11147,1,7,1
11148,0,10,0
11151,1,4,0
11152,1,9,0
11153,0,3,0
11154,1,4,0
11155,1,8,1
11156,1,5,0
11157,1,3,0
11158,0,2,0
11159,1,10,0
11160,0,8,0
11161,1,4,1
11162,0,6,0
11165,1,6,0
11166,0,4,0
11167,0,5,0
11168,1,8,0
11169,1,6,0
11170,1,5,0
11171,0,7,0
11172,1,6,0
11173,1,2,0
11177,0,5,1
11179,0,1,0
11180,1,1,0
11181,1,8,0
11182,1,5,1
11183,0,3,0
11187,0,3,1
11188,1,10,0
11190,0,9,1
11191,0,3,0
11193,1,5,0
11196,1,5,0
11197,1,2,1
11199,1,1,1
11201,0,1,0
11202,1,4,1
11203,0,2,1
11205,1,8,1
11207,1,1,1
11208,1,3,0
11210,0,7,1
11211,1,5,0
11212,1,6,1
11214,1,7,0
11215,1,3,1
11217,1,9,1
11219,1,10,0
11221,1,6,0
11222,0,4,0
11223,1,9,0
11224,0,1,0
11225,0,5,0
11226,1,4,0
11227,0,5,1
11228,0,3,1
11229,0,1,0
11231,1,10,1
11232,0,4,0
11233,0,1,0
11234,0,8,0
11235,1,7,0
11236,1,2,0
11237,0,1,0
11239,1,7,0
11240,0,2,0
11241,1,3,0
11242,1,10,1
11243,0,5,0
11245,1,6,1
11246,1,7,0
11247,1,6,0
11248,0,1,0
11249,0,1,0
11250,0,2,1
11251,0,6,1
11252,1,3,0
11253,0,1,1
11254,0,1,1
11255,1,7,0
11256,0,1,0
11257,0,1,0
11259,1,8,0
11260,0,4,1
11261,1,6,1
11262,1,8,0
11264,0,2,0
11266,0,1,0
11267,1,7,1
11268,0,6,0
11269,1,3,0
11270,0,6,1
11271,1,9,0
11272,1,10,1
11273,1,2,0
11274,0,2,1
11275,1,5,0
11277,1,6,0
11278,0,5,1
11279,1,9,0
11280,1,3,0
11281,1,9,0
11283,0,5,0
11284,1,4,1
11286,0,2,0
11287,0,10,0
11288,0,6,0
11290,1,10,0
11291,1,8,1
11292,1,1,0
11293,1,8,0
11294,0,8,1
11295,1,2,1
11296,1,10,1
11297,0,1,0
11298,1,10,0
11299,0,1,0
11300,1,9,1
11301,1,2,0
11302,1,9,0
11303,1,6,0
11304,0,2,0
11305,1,1,0
11307,0,2,0
11309,1,7,1
11311,0,5,1
11312,0,1,0
11313,0,1,0
11314,1,8,0
11315,1,9,1
11316,1,2,0
11319,1,7,0
11320,1,2,0
11322,0,1,0
11323,0,7,0
11324,1,5,0
11325,0,5,0
11326,1,10,0
11327,0,2,0
11328,1,2,1
11329,0,2,0
11330,0,1,0
11331,0,6,1
11332,0,8,0
11333,1,4,0
11334,1,1,0
11336,1,4,1
11338,0,5,1
11339,1,4,1
11340,1,9,1
11346,1,10,1
11347,1,4,1
11348,1,1,1
11349,1,2,0
11350,1,3,1
11351,1,2,0
11352,1,8,0
11353,1,2,1
11354,1,5,1
11355,0,1,0
11356,1,4,1
11357,0,1,0
11358,1,6,1
11359,1,7,0
11361,1,7,1
11362,1,4,0
11363,1,9,0
11364,0,2,1
11365,1,9,0
11367,0,1,0
11368,1,8,1
11369,1,10,1
11370,1,8,1
11371,1,3,0
11372,0,3,0
11373,1,9,1
11374,1,10,0
11375,0,2,0
11376,1,6,1
11378,0,2,0
11379,0,1,0
11381,1,8,1
11383,1,5,0
11385,1,7,1
11386,0,7,1
11387,0,7,1
11388,1,6,0
11390,1,4,0
11391,0,4,1
11392,0,6,1
11393,1,3,1
11394,1,9,0
11395,1,10,1
11396,0,7,0
11398,1,8,0
11399,1,3,1
11400,1,6,0
11402,0,3,0
11404,1,7,1
11405,1,6,1
11407,1,7,1
11409,0,3,1
11410,0,2,0
11411,0,3,0
11413,1,6,1
11414,1,6,0
11415,0,1,0
11417,0,4,1
11418,0,3,1
11421,0,3,0
11424,0,7,0
11425,1,2,0
11426,0,5,0
11429,1,5,1
11430,1,4,1
11431,0,3,0
11432,1,8,0
11433,1,1,0
11435,1,10,1
11437,0,1,0
11439,0,9,0
11440,0,2,0
11443,0,4,0
11444,1,8,1
11445,1,6,1
11446,1,1,0
11447,0,6,0
11448,0,1,0
11449,1,6,0
11450,1,3,1
11451,0,4,0
11452,0,3,0
11453,1,5,0
11454,0,7,0
11455,0,1,0
11457,0,6,0
11458,1,3,1
11459,1,5,1
11461,1,9,0
11463,0,5,1
11465,1,1,0
11468,0,1,0
11469,1,2,1
11473,0,5,0
11474,1,10,0
11475,0,2,0
11476,0,3,1
11478,1,8,1
11479,0,1,0
11480,0,4,0
11481,1,5,0
11482,1,8,0
11485,1,5,0
11489,1,7,0
11490,0,1,0
11491,0,8,0
11492,1,5,0
11493,1,10,1
11494,1,5,1
11495,0,5,1
11497,1,2,0
11501,0,1,0
11502,0,1,1
11504,1,3,1
11505,0,7,1
11506,0,1,0
11509,0,1,0
11510,0,2,0
11511,1,5,0
11512,1,8,1
11514,0,6,0
11516,1,1,0
11518,1,9,1
11519,0,2,1
11520,1,1,0
11521,0,1,1
11523,1,2,0
11524,1,6,1
11525,1,6,1
11526,1,6,1
11528,0,1,0
11529,1,7,1
11530,0,8,0
11531,0,4,1
11532,1,10,1
11533,0,4,0
11534,1,1,0
11535,1,4,0
11536,1,10,1
11537,0,9,1
11538,0,1,0
11540,1,1,0
11541,1,8,0
11542,1,8,0
11543,0,1,0
11546,1,9,0
11547,1,9,0
11550,0,4,1
11551,0,3,1
11552,1,7,1
11553,1,1,0
11554,1,6,1
11557,0,4,0
11558,1,10,1
11561,1,1,1
11562,0,5,0
11563,1,6,0
11564,0,2,0
11565,1,9,1
11566,0,1,0
11567,0,1,0
11570,0,1,0
11571,1,5,0
11574,1,8,1
11575,0,6,1
11577,0,2,1
11578,1,1,0
11580,1,10,0
11582,1,9,0
11583,0,1,0
11587,0,3,0
11588,0,9,0
11590,0,1,0
11592,0,6,0
11593,1,3,0
11594,0,1,0
11595,0,7,1
11596,1,7,1
11597,1,7,0
11598,0,9,1
11599,1,8,1
11600,0,1,0
11601,1,1,0
11603,0,3,0
11604,1,3,1
11607,0,1,0
11608,1,7,0
11609,0,1,0
11610,0,2,0
11612,0,1,0
11613,1,9,1
11615,1,1,0
11616,0,1,0
11617,0,4,0
11619,1,6,1
11620,0,3,1
11622,0,4,0
11623,1,2,0
11625,0,1,0
11626,1,2,0
11627,1,1,0
11629,1,4,0
11633,0,1,0
11634,1,5,0
11635,0,2,0
11636,1,4,1
11637,0,3,0
11638,1,10,1
11639,1,4,0
11640,1,8,1
11642,0,1,1
11643,0,1,0
11644,1,5,0
11646,0,4,0
11647,1,5,1
11649,0,4,0
11651,1,9,1
11653,1,4,1
11654,1,9,0
11655,1,1,0
11656,1,10,0
11658,0,4,0
11661,0,1,0
11662,0,1,0
11664,0,5,1
11665,1,1,0
11666,1,3,0
11667,1,9,0
11668,0,3,1
11669,1,2,0
11672,0,2,0
11673,1,10,0
11675,1,10,0
11676,1,7,1
11677,0,2,0
11679,1,3,1
11681,1,9,1
11682,1,8,1
11683,1,3,0
11684,1,9,1
11685,1,3,1
11686,1,1,0
11688,1,2,0
11692,1,4,1
11693,0,6,0
11694,0,1,0
11695,1,4,0
11697,0,5,1
11698,0,2,0
11699,1,4,1
11700,1,2,0
11701,1,2,0
11703,1,1,0
11704,0,1,0
11705,1,4,0
11708,1,10,0
11709,1,6,0
11710,0,4,0
11711,1,9,0
11712,1,5,0
11713,1,9,0
11714,1,1,0
11716,1,2,0
11718,1,3,1
11720,1,1,0
11721,0,2,0
11722,1,2,1
11724,1,1,0
11725,1,7,0
11726,1,9,0
11727,1,2,0
11728,1,6,0
11729,0,1,0
11730,0,3,1
11731,0,1,0
11732,1,6,0
11733,0,5,0
11734,1,10,1
11735,0,1,0
11737,1,6,1
11738,1,9,1
11739,0,4,1
11743,1,7,0
11744,0,2,1
11745,1,4,0
11746,1,2,0
11747,1,4,1
11748,0,3,0
11749,0,7,0
11750,1,1,0
11752,1,1,1
11754,0,7,1
11756,0,3,0
