corr,precision,fairperception,wsd,wrd,h
0.9971242941156845,0.929510525650439,0.6631430584918957,0.0009301003206253642,7.64441695842513e-05,[0.59880173 0.73256324 0.53224316 ... 0.52556065 0.66421866 0.56666672]
0.9971234066798688,0.9295091707301854,0.6631430584918957,0.0009320570425083451,7.650493033332622e-05,[0.59804504 0.73208303 0.5315602  ... 0.52591881 0.6626932  0.56666671]
0.9971053916858659,0.9294887021909278,0.6596194503171248,0.000935744662955203,7.727131909636791e-05,[0.59680181 0.73130261 0.53044742 ... 0.52651319 0.66022047 0.5666667 ]
0.9970600278828862,0.929490833472412,0.6575052854122622,0.0009430475972845641,8.159537655522795e-05,[0.59474421 0.73003108 0.52863044 ... 0.52751094 0.65621416 0.56666668]
0.996948141044556,0.929239597225029,0.6575052854122622,0.000958211693515003,8.607954442439742e-05,[0.59130487 0.72796293 0.52565926 ... 0.52920919 0.64972557 0.56666665]
0.9960888809085136,0.9286864847566216,0.6546863988724454,0.0009909712890935436,0.00011884368321683791,[0.58547559 0.72458694 0.52080092 ... 0.53214329 0.63924589 0.5666666 ]
0.9912091904110436,0.9255751285568573,0.6441155743481325,0.0010630657158920555,0.0002664991099901196,[0.57506587 0.7190853  0.51291524 ... 0.53725636 0.62228    0.56666653]
0.975445922899729,0.914982015148011,0.6250880902043693,0.0012222758757731921,0.0006981880194672707,[0.55621422 0.71038599 0.5005366  ... 0.5459816  0.59493082 0.56666643]
0.9335272985866786,0.8876606221110349,0.5926708949964764,0.0015618164077131067,0.0018697856500457211,[0.51968356 0.696675   0.48263718 ... 0.55888954 0.56219603 0.56666634]
0.840500570717767,0.8220573946791979,0.5461592670894997,0.0021650993878140376,0.004456718974742003,[0.51384194 0.67712197 0.48231329 ... 0.57079492 0.5519326  0.56666633]
0.7497076116773205,0.7585446429973501,0.4996476391825229,0.0027019079066408856,0.008362531974356524,[0.53312934 0.63641755 0.48589961 ... 0.57413159 0.55100596 0.56666637]
0.7109690592852818,0.7296982096891644,0.4749823819591261,0.002925314514706463,0.01070553638516883,[0.55027275 0.57333872 0.48747865 ... 0.57597779 0.5554555  0.56666641]
0.6814150973811022,0.7072011113661077,0.452431289640592,0.003121063876555312,0.012958039547227063,[0.55793151 0.57123085 0.48849503 ... 0.57548021 0.56118649 0.56666644]
0.6564687661672864,0.6953400774980479,0.43481324876673716,0.003070404567170053,0.013318355621147334,[0.56545275 0.56921148 0.48879002 ... 0.57258407 0.56580117 0.56666648]
0.6288242648903138,0.6755185879593985,0.42212825933756165,0.0029560011412030087,0.01272578205207111,[0.56940032 0.56987842 0.48887079 ... 0.57017433 0.56922999 0.56666652]
0.6248011680335178,0.6717230765336328,0.43481324876673716,0.0028995578821895958,0.013335870077936969,[0.57131374 0.57159124 0.48888797 ... 0.57146941 0.57130965 0.56666659]
0.6153275415736491,0.6664641772467466,0.42353770260747003,0.00288341313143336,0.011211166576896107,[0.57220605 0.57229621 0.48889005 ... 0.57216963 0.57217676 0.56666665]
0.5887006022673857,0.6485418658846624,0.7674418604651163,0.002871287285957176,0.01597585220666143,[0.57269562 0.57269539 0.4888907  ... 0.57269544 0.57269539 0.56666657]
0.5950565091812557,0.6497057321128924,0.7871740662438337,0.00287128695636163,0.010763961663152978,[0.57269542 0.57269542 0.4888907  ... 0.57269542 0.57269542 0.56666657]
0.5952568715197751,0.6498066380738763,0.7723749119097957,0.002871286955005578,0.010740801320197885,[0.57269542 0.57269542 0.4888907  ... 0.57269542 0.57269542 0.56666657]
0.9971238574456531,0.9295078401424597,0.6631430584918957,0.0009292966369808332,7.617822054117712e-05,[0.59880126 0.73256378 0.53224322 ... 0.52556045 0.66421925 0.56666681]
0.997123414010053,0.9295072764956221,0.6631430584918957,0.0009312609508993319,7.632383958444315e-05,[0.59804461 0.73208364 0.53156023 ... 0.52591861 0.6626938  0.56666679]
0.9971036450370223,0.9294886234817069,0.6596194503171248,0.0009349584650838367,7.717339920784196e-05,[0.59680151 0.73130336 0.53044745 ... 0.52651295 0.66022121 0.56666676]
0.9970599451616328,0.9295065542080653,0.6575052854122622,0.0009422717071244373,8.156065280065469e-05,[0.59474412 0.73003207 0.52863049 ... 0.52751063 0.65621513 0.5666667 ]
0.9969487702837468,0.9292374562669478,0.6575052854122622,0.0009574390176677435,8.604365565603554e-05,[0.59130512 0.72796431 0.52565935 ... 0.52920876 0.64972691 0.56666661]
0.9960896432654945,0.9286952940149884,0.6546863988724454,0.000990174304504297,0.00011869012548532057,[0.58547637 0.72458892 0.52080113 ... 0.53214268 0.63924782 0.56666648]
0.9912092122711645,0.9255718300565334,0.6441155743481325,0.0010621726576135,0.00026646397167041095,[0.57506751 0.71908825 0.51291574 ... 0.53725543 0.62228286 0.56666628]
0.9754454985964129,0.9149958206249068,0.6250880902043693,0.0012211442230536122,0.0006981880194672712,[0.55621716 0.71039046 0.50053773 ... 0.54598017 0.59493516 0.56666601]
0.9335275339508252,0.8876423455704061,0.5926708949964764,0.001560251837839279,0.0018697278449598001,[0.51968868 0.69668161 0.48263905 ... 0.55888752 0.56219859 0.56666574]
0.8405249690787747,0.8220623315982798,0.5461592670894997,0.0021630961468781258,0.004453761179318536,[0.51384095 0.67713013 0.48231565 ... 0.57079266 0.55193444 0.56666574]
0.7497245548065832,0.7585925604877886,0.4996476391825229,0.002699889478582258,0.008361108260488402,[0.53312721 0.63642643 0.48590269 ... 0.5741292  0.55100607 0.56666583]
0.7109698971138032,0.729622944821288,0.4749823819591261,0.0029233887362127803,0.010702102178039671,[0.55025512 0.57333493 0.48748309 ... 0.57597314 0.55545241 0.56666594]
0.6814016632309556,0.7072537465208303,0.452431289640592,0.003119458243976588,0.0129572609299427,[0.55792994 0.57123047 0.48849831 ... 0.57547967 0.56118707 0.56666605]
0.6564712096361454,0.695344758360098,0.43481324876673716,0.0030691414366022904,0.013317092728293355,[0.56545265 0.5692108  0.48879319 ... 0.57258326 0.56580113 0.56666613]
0.6287262425516845,0.6751283804865302,0.42212825933756165,0.0029548237602576837,0.012690443227940627,[0.5693999  0.5698776  0.48887398 ... 0.57017342 0.56922924 0.56666626]
0.6237495108745281,0.6707728964231079,0.44115574348132486,0.002898411166495945,0.013388617417599615,[0.57131965 0.57158336 0.48889105 ... 0.57146216 0.57130034 0.56666643]
0.61443066941913,0.6654928923409766,0.4369274136715997,0.0028825337604926875,0.011150007169658983,[0.57219159 0.57228017 0.48889332 ... 0.57215303 0.57215826 0.56666684]
0.5921179914466894,0.6498712307557033,0.7477096546863988,0.0028701730907697014,0.0075687837212446854,[0.57269459 0.57269408 0.48889393 ... 0.57269408 0.57269411 0.56666639]
0.6056724270784768,0.6557426931575361,0.740662438336857,0.002870173740443582,0.011836047740656037,[0.57269412 0.57269412 0.48889393 ... 0.57269412 0.57269412 0.56666639]
0.5963594706090358,0.6497106421790037,0.7836504580690627,0.002870173749439524,0.011300306480332256,[0.57269412 0.57269412 0.48889393 ... 0.57269412 0.57269412 0.56666639]
0.9971238721060285,0.9295060344552747,0.6631430584918957,0.0009270684210915855,7.607296304045844e-05,[0.59879985 0.73256522 0.53224329 ... 0.52555996 0.66422068 0.56666708]
0.9971234129628839,0.9295077648794934,0.6631430584918957,0.0009290532564270295,7.616119541561483e-05,[0.59804342 0.73208533 0.5315603  ... 0.52591805 0.66269547 0.56666702]
0.9971034743518064,0.9294902651876337,0.6596194503171248,0.0009327777309018484,7.682338202836296e-05,[0.59680068 0.73130545 0.53044755 ... 0.52651227 0.66022328 0.56666692]
0.9970610299635029,0.9294730378080558,0.6575052854122622,0.0009401189976695627,8.142841717420601e-05,[0.59474388 0.73003482 0.52863064 ... 0.52750977 0.65621784 0.56666676]
0.9969486572090623,0.9291919162560193,0.6575052854122622,0.0009552947781549204,8.583075258958962e-05,[0.59130581 0.72796814 0.52565963 ... 0.52920759 0.64973064 0.56666651]
0.996089567947345,0.9286954003726776,0.6546863988724454,0.0009879628201071218,0.00011847951732382382,[0.58547856 0.72459443 0.52080173 ... 0.53214099 0.63925318 0.56666613]
0.9912099799822618,0.9255711260872977,0.6441155743481325,0.0010596962966284912,0.00026624163379861706,[0.57507206 0.71909645 0.5129171  ... 0.53725286 0.62229082 0.56666559]
0.9754469043272723,0.9149952880678758,0.6250880902043693,0.001218009411003203,0.0006975664790115504,[0.55622535 0.71040288 0.50054089 ... 0.54597622 0.59494721 0.56666484]
0.9335422071369706,0.8876360432599963,0.5926708949964764,0.0015559194716891626,0.0018684493142654376,[0.51970289 0.69669999 0.48264423 ... 0.5588819  0.56220571 0.5666641 ]
0.8405521958068357,0.8220522992353105,0.5461592670894997,0.002157546847990075,0.004433312034683446,[0.51383818 0.67715285 0.4823222  ... 0.5707864  0.55193952 0.56666409]
0.7497710589805364,0.7585765703300047,0.5003523608174771,0.0026942832938709055,0.00835494575614578,[0.5331212  0.63645125 0.48591122 ... 0.57412233 0.55100592 0.56666435]
0.7110011086178069,0.7297577382332611,0.4749823819591261,0.002917908253322825,0.010675555224146776,[0.5502385  0.57333415 0.48749281 ... 0.57596816 0.5554563  0.56666465]
0.6813931405801446,0.7071087529658614,0.452431289640592,0.0031149924540913795,0.012945939415074104,[0.55792662 0.57122987 0.48850649 ... 0.57547829 0.56118876 0.56666495]
0.6564290225334952,0.6953086464860029,0.43481324876673716,0.003065633782505821,0.013280135217017127,[0.5654523  0.569209   0.48880182 ... 0.57258106 0.56580092 0.56666519]
0.6284438732522082,0.674992425301662,0.42283298097251587,0.0029515674412257877,0.012591145864571628,[0.5693957  0.56987455 0.48888264 ... 0.57017014 0.56922623 0.56666553]
0.6238077329808631,0.6707566244641432,0.4376321353065539,0.002895289259422967,0.01331482557729506,[0.57131028 0.57158632 0.48890041 ... 0.57146393 0.57130447 0.5666658 ]
0.6141561448769305,0.6654597147745219,0.427061310782241,0.0028791898612325643,0.011174140516281565,[0.5722022  0.57229132 0.48890212 ... 0.57216493 0.57217188 0.56666594]
0.6055953904039499,0.6564839656792865,0.8054968287526427,0.0028670807394281517,0.009661699073488414,[0.57269025 0.57269047 0.48890292 ... 0.57269054 0.57269053 0.5666659 ]
0.6002783895674085,0.6521798862899788,0.7681465821000705,0.002867081356763629,0.012883566640568368,[0.5726905  0.5726905  0.48890292 ... 0.5726905  0.5726905  0.5666659 ]
0.6049750400409548,0.6555025525111939,0.5306553911205074,0.0028671067397795322,0.009316088138822901,[0.5726866  0.57268682 0.48890292 ... 0.57268679 0.57268723 0.5666659 ]
0.9971238616343318,0.9295155219103105,0.6631430584918957,0.000920928165991728,7.534907763984796e-05,[0.59879593 0.73256921 0.53224348 ... 0.52555858 0.66422465 0.56666781]
0.9971234276232528,0.9295060959446112,0.6631430584918957,0.0009229670048965028,7.550720179751504e-05,[0.59804012 0.73209002 0.53156051 ... 0.52591648 0.66270011 0.56666764]
0.997103876456995,0.9294545448036695,0.6596194503171248,0.0009267622780456175,7.659584264822569e-05,[0.59679838 0.73131126 0.53044782 ... 0.52651039 0.66022902 0.56666736]
0.9970590949139936,0.9295189372889249,0.6575052854122622,0.0009341766553579295,8.105004662487809e-05,[0.59474319 0.73004247 0.52863105 ... 0.52750737 0.65622535 0.56666692]
0.9969503533067258,0.9291984500885767,0.6575052854122622,0.0009493724926445212,8.548089126248051e-05,[0.59130773 0.72797877 0.5256604  ... 0.52920433 0.649741   0.56666624]
0.9960894822753579,0.9287394281176092,0.6546863988724454,0.0009818563973627826,0.00011814958704812933,[0.58548462 0.72460972 0.52080337 ... 0.53213627 0.63926806 0.56666519]
0.9912098632097767,0.925580326744954,0.6441155743481325,0.0010528712607058965,0.0002660487976518761,[0.57508468 0.71911921 0.51292088 ... 0.53724571 0.6223129  0.56666367]
0.9754681149678694,0.9150673422712041,0.6250880902043693,0.001209393337275614,0.0006940234023815032,[0.55624803 0.71043734 0.50054958 ... 0.54596526 0.59498065 0.5666616 ]
0.9335529541989009,0.8876588209917264,0.5926708949964764,0.0015440250830527484,0.0018648400308998454,[0.5197421  0.69675094 0.48265858 ... 0.55886637 0.56222541 0.56665953]
0.8406280713870715,0.8221026765623252,0.5461592670894997,0.0021422941260132128,0.004419301974864987,[0.51383049 0.67721604 0.48234032 ... 0.57076905 0.55195351 0.5666595 ]
0.7498330733842733,0.7586028466661277,0.5003523608174771,0.002678848050952926,0.008337732421926371,[0.53310409 0.63651956 0.48593488 ... 0.574103   0.55100546 0.56666023]
0.7110304759167031,0.7295801289740926,0.4749823819591261,0.0029027431176044155,0.010628768858118625,[0.55023468 0.57333047 0.48751311 ... 0.57595234 0.55546676 0.56666104]
0.6813939782271374,0.7070637544646035,0.45172656800563776,0.003102640233534708,0.01288849090567709,[0.55791644 0.57122756 0.48853012 ... 0.57547419 0.5611934  0.56666188]
0.6565056296096361,0.6949830482142431,0.4355179704016913,0.0030559128005600567,0.013263981569092437,[0.56545339 0.56920435 0.4888277  ... 0.57257515 0.5658     0.56666255]
0.6282035133452598,0.6745930673409479,0.42212825933756165,0.0029425089873794355,0.012570273139451098,[0.56939146 0.56986892 0.48890729 ... 0.57016389 0.56922125 0.5666635 ]
0.6233296177425821,0.6704622167555417,0.4376321353065539,0.0028866016581234194,0.01327589421825608,[0.57130223 0.57157667 0.48892544 ... 0.57145402 0.5712946  0.56666419]
0.6137406530717034,0.6651390855632908,0.43481324876673716,0.0028708213076232255,0.01125766142195847,[0.5721811  0.57226511 0.48892667 ... 0.57213801 0.57214349 0.56666487]
0.5896911845355073,0.6499994270840705,0.7843551797040169,0.0028585156860415346,0.01228688216199511,[0.57268146 0.57268042 0.48892791 ... 0.57268061 0.57268056 0.56666454]
0.6046991618425462,0.6547323035667718,0.7322057787174067,0.0028585163806433976,0.011327129672722558,[0.57268043 0.57268044 0.48892791 ... 0.57268044 0.57268044 0.56666454]
0.5924203117354747,0.6518751168102881,0.7963354474982381,0.0028585163960138773,0.013437324515250471,[0.57268044 0.57268044 0.48892791 ... 0.57268044 0.57268043 0.56666454]
0.9971238762947073,0.9295331817781857,0.6631430584918957,0.000904281705444565,7.309696702907962e-05,[0.59878507 0.73258021 0.532244   ... 0.52555476 0.66423557 0.56666983]
0.9971234318119299,0.9295152451037456,0.6631430584918957,0.0009064494483933114,7.402701965785451e-05,[0.59803098 0.73210295 0.53156111 ... 0.52591213 0.66271293 0.56666936]
0.9971060655572067,0.9294810113342841,0.6596194503171248,0.0009104127279193149,7.549646977678439e-05,[0.59679202 0.7313273  0.53044859 ... 0.52650518 0.66024489 0.56666859]
0.9970614498539804,0.9294592110411292,0.6575052854122622,0.0009179970315245953,8.022227091422877e-05,[0.59474132 0.73006358 0.52863222 ... 0.52750073 0.65624611 0.56666738]
0.9969486817644255,0.9292350227214936,0.6575052854122622,0.0009332245672597426,8.480525910940243e-05,[0.59131304 0.7280081  0.52566254 ... 0.52919531 0.6497696  0.56666548]
0.9960941929962235,0.9286605903239991,0.6546863988724454,0.0009652174002049812,0.00011658041413372403,[0.58550136 0.72465188 0.52080788 ... 0.53212323 0.63930914 0.56666257]
0.9912107289315749,0.9256097143616419,0.6441155743481325,0.0010343638154389821,0.00026394961304037777,[0.57511951 0.71918197 0.51293113 ... 0.53722598 0.62237381 0.56665836]
0.9754890203476959,0.9150755881505178,0.6250880902043693,0.0011861992092644063,0.0006881654018718357,[0.5563105  0.71053236 0.50057316 ... 0.54593512 0.59507291 0.5666526 ]
0.9336379197249921,0.8876732491488442,0.5926708949964764,0.0015120984764200763,0.0017841069722355348,[0.51985005 0.69689162 0.48269749 ... 0.5588238  0.56227912 0.56664685]
0.8408111712101473,0.8221858393123422,0.5468639887244539,0.0021012360182329605,0.004331408941966299,[0.51380919 0.67739179 0.48238996 ... 0.57072142 0.5519913  0.56664674]
0.7499433097457768,0.7586745629031163,0.5003523608174771,0.002637153482829706,0.008258932681161676,[0.53305462 0.63670762 0.48600041 ... 0.57404901 0.55100462 0.56664876]
0.7110787086705164,0.7296802599886603,0.4749823819591261,0.0028617070285891695,0.010540122621523224,[0.55017531 0.57331744 0.48757682 ... 0.57590675 0.55548693 0.56665103]
0.6816576734661578,0.7074964087786854,0.45313601127554615,0.003062541287929284,0.012175298605070089,[0.55788251 0.57120783 0.48859617 ... 0.57545046 0.56120468 0.56665336]
0.6558629846243879,0.6947870045724955,0.43481324876673716,0.00302922221193957,0.013151050098706324,[0.5654491  0.56918958 0.48889323 ... 0.57255757 0.56579873 0.56665523]
0.6273402182618314,0.6738896192844583,0.42212825933756165,0.0029176483377501036,0.012536305548702104,[0.56937507 0.56985116 0.48897536 ... 0.57014437 0.56920488 0.56665784]
0.6235716930916474,0.6704844044324391,0.4312896405919662,0.002862771504363215,0.013284019672118098,[0.5712732  0.57155311 0.48899323 ... 0.5714342  0.57127305 0.56665967]
0.6138220144383657,0.6654947918334276,0.41367159971811135,0.0028468986205358077,0.011146253642512616,[0.57216699 0.57225538 0.48899615 ... 0.57212985 0.57213694 0.56666038]
0.5819930207650045,0.6443451164715379,0.7794221282593375,0.002834987976522658,0.014988457696983785,[0.5726527  0.57265248 0.4889973  ... 0.57265255 0.57265251 0.56666073]
0.6148235254278822,0.6623477615742998,0.7350246652572234,0.002834987717090043,0.00950123130083902,[0.57265249 0.57265249 0.4889973  ... 0.57265249 0.57265249 0.56666073]
0.6001391371207382,0.6527723132673242,0.7794221282593375,0.002834987726392697,0.012955227712867773,[0.57265249 0.57265249 0.4889973  ... 0.57265249 0.57265249 0.56666073]
0.9971238794362165,0.9295604410742472,0.6631430584918957,0.0008609385392944424,7.03485836585934e-05,[0.59875541 0.73261009 0.53224551 ... 0.52554428 0.66426535 0.56667538]
0.9971236676967717,0.9295545331181182,0.6631430584918957,0.0008633437763110601,7.142660707172262e-05,[0.59800604 0.7321381  0.53156286 ... 0.52590021 0.66274788 0.56667407]
0.997106447830366,0.9295131581578636,0.6596194503171248,0.0008676093478274149,7.283299734609053e-05,[0.5967747  0.73137089 0.53045085 ... 0.52649088 0.66028817 0.56667197]
0.9970600286438884,0.9295134084784372,0.6575052854122622,0.0008754750577981827,7.787972750204483e-05,[0.59473628 0.73012097 0.52863561 ... 0.52748251 0.65630278 0.56666863]
0.9969486454428899,0.9292479035209961,0.6575052854122622,0.0008906541281299891,8.144096523281446e-05,[0.59132764 0.72808781 0.52566852 ... 0.52917056 0.64984762 0.5666634 ]
0.9960958035014943,0.92873676814274,0.6553911205073996,0.0009214146666299377,0.00011440854263417276,[0.58554707 0.72476642 0.52082004 ... 0.53208754 0.63942099 0.56665539]
0.9912219067854574,0.9256277291638272,0.6441155743481325,0.0009861787281319238,0.0002573576495426764,[0.57521425 0.7193524  0.51295809 ... 0.53717225 0.62253929 0.56664378]
0.975557874247537,0.9152343475454797,0.6257928118393234,0.0011268862739319157,0.0006721689498687534,[0.55647981 0.71079031 0.50063461 ... 0.54585371 0.59532349 0.56662783]
0.9338026080425804,0.8878303768627759,0.5926708949964764,0.0014311227443469187,0.0017400821475240455,[0.52014255 0.69727484 0.48279825 ... 0.55870958 0.56242082 0.56661177]
0.8411294634059966,0.8223550377291964,0.5468639887244539,0.001996319497344221,0.0042319146666446985,[0.51375053 0.67787946 0.48252218 ... 0.57059346 0.55208869 0.5666113 ]
0.7502743837043603,0.7587619368291016,0.5003523608174771,0.0025298792928818204,0.00801512649059185,[0.53291997 0.63724274 0.48617956 ... 0.57389828 0.55099848 0.5666169 ]
0.711357758793036,0.7294156980635802,0.4749823819591261,0.002755656851281192,0.010003106750966412,[0.55000318 0.57327753 0.4877535  ... 0.57577775 0.55552932 0.56662322]
0.682415846038844,0.7084142724969535,0.45313601127554615,0.0029504676866166477,0.010952394684898142,[0.55772001 0.57112803 0.48877369 ... 0.57534079 0.56131963 0.56662976]
0.6553899225686333,0.6943408713854067,0.43481324876673716,0.002957065863506765,0.01304641793519398,[0.56547423 0.56917344 0.48907766 ... 0.57252011 0.56582899 0.56663485]
0.6270521930616522,0.6734581372030131,0.42283298097251587,0.002850847232657349,0.012505145775296584,[0.56932451 0.56980527 0.48916347 ... 0.57009364 0.56916315 0.56664209]
0.623263459454457,0.670501885848837,0.43622269203664554,0.0027986900242606516,0.013283289695757428,[0.57120723 0.57148141 0.48918469 ... 0.57136351 0.57120222 0.56664707]
0.6141454328197863,0.6654716235093581,0.43622269203664554,0.0027835135639477605,0.011094902102096427,[0.57208348 0.5721679  0.48918792 ... 0.57204378 0.57204904 0.56664926]
0.6070466571254529,0.652680152515711,0.7660324171952079,0.0027717796287274484,0.010259690689052683,[0.57257515 0.57257524 0.48918933 ... 0.57257515 0.57257525 0.56665007]
0.6060347446427331,0.6577375499175944,0.7603946441155743,0.002771779904541891,0.012810693155587742,[0.5725752  0.5725752  0.48918933 ... 0.5725752  0.5725752  0.56665007]
0.6039874657331621,0.6570310374536538,0.7899929527836504,0.0027717798968589333,0.010269311727821752,[0.5725752  0.5725752  0.48918933 ... 0.5725752  0.5725752  0.56665007]
0.9971238595399924,0.929463188635896,0.6638477801268499,0.0007578197184867308,6.022527199281646e-05,[0.59867667 0.73268797 0.53224987 ... 0.52551631 0.66434329 0.56669013]
0.9971236603665854,0.9295348034280951,0.6638477801268499,0.0007604285981333,6.272386163688695e-05,[0.59793991 0.73222973 0.53156804 ... 0.52586835 0.66283952 0.56668661]
0.9971067025037255,0.9295280697592864,0.6596194503171248,0.0007649131790838128,6.522368650395521e-05,[0.59672892 0.73148462 0.53045759 ... 0.52645265 0.66040181 0.56668096]
0.9970595929827636,0.9294949228909223,0.6575052854122622,0.0007728358756221202,7.318716376243779e-05,[0.59472321 0.73027073 0.52864546 ... 0.52743377 0.65645163 0.56667198]
0.9969524326288633,0.9292415181692274,0.656800563777308,0.0007873808419174635,7.672984133752993e-05,[0.5913667  0.7282958  0.52568503 ... 0.52910439 0.6500524  0.56665788]
0.9961068584443427,0.9287336622494824,0.6553911205073996,0.000815360899431955,0.00010477273632672696,[0.58566826 0.72506516 0.5208515  ... 0.53199237 0.6397138  0.5666362 ]
0.9913202109147197,0.9256543338309966,0.6441155743481325,0.000871711474377386,0.0002297568169229678,[0.57546375 0.71979658 0.51302417 ... 0.53703022 0.62297074 0.56660463]
0.9757891953225871,0.9153974115397304,0.6257928118393234,0.0009909400972111847,0.0006243455377012119,[0.55692288 0.71145839 0.50078187 ... 0.54564188 0.59597018 0.56656092]
0.9343635239008877,0.8881113621431551,0.5933756166314306,0.001249639668105652,0.0016130923540053623,[0.52090126 0.69827979 0.48303402 ... 0.55841901 0.56276857 0.56651582]
0.8426076060640993,0.8231091561272654,0.547568710359408,0.0017570326860447813,0.003847669824711696,[0.51359135 0.67921157 0.48284946 ... 0.57026539 0.55231561 0.56651307]
0.7512756820167308,0.759443596470171,0.5010570824524313,0.002282234981362431,0.007334548813243775,[0.53252366 0.63878527 0.48665289 ... 0.57346538 0.55094955 0.5665285 ]
0.7118782693093223,0.7291782338375954,0.4749823819591261,0.002508678587459738,0.009205446701230337,[0.54955834 0.57317346 0.48823422 ... 0.5754289  0.55559268 0.56654606]
0.6834782410147413,0.7089193375493061,0.45313601127554615,0.002687832924842879,0.009732092339505494,[0.55733103 0.57092015 0.48926729 ... 0.5750479  0.561538   0.56656461]
0.6557715524668372,0.6944523743302278,0.4355179704016913,0.0027672510968035826,0.011872315588093126,[0.56538067 0.5690413  0.48958708 ... 0.57237925 0.5657828  0.56657839]
0.626878719803537,0.6735218882364655,0.42212825933756165,0.0026815965477999196,0.012392662453649662,[0.56919195 0.56966735 0.48967977 ... 0.56994333 0.56903574 0.56659808]
0.6234356371922121,0.6706232981071649,0.4369274136715997,0.0026363306602195107,0.013256784310506881,[0.57101782 0.57128805 0.48970739 ... 0.57117796 0.57101344 0.56661156]
0.6138321203139748,0.6653392719626838,0.427061310782241,0.0026221655557017616,0.011055143340498083,[0.57190238 0.57198053 0.48971295 ... 0.57186207 0.57186914 0.5666166 ]
0.6099501848075046,0.6601571486297074,0.7350246652572234,0.002611660368455861,0.011803246917701215,[0.57236352 0.57236364 0.48971562 ... 0.57236362 0.57236363 0.56661978]
0.59806899029635,0.6523226452645262,0.7646229739252995,0.002611660195635457,0.010953383398470183,[0.57236363 0.57236362 0.48971562 ... 0.57236362 0.57236362 0.56661978]
0.5944397018140082,0.6498095047434437,0.780831571529246,0.002611660193734524,0.011357191462390557,[0.57236363 0.57236363 0.48971562 ... 0.57236362 0.57236363 0.56661978]
0.9971238353098972,0.9296068673554091,0.6638477801268499,0.0005551453197808603,4.328023829577965e-05,[0.59848238 0.73287046 0.53226155 ... 0.52544663 0.66452682 0.56672661]
0.9971233939686341,0.9295297664302874,0.6631430584918957,0.0005574855241219438,5.359208612489934e-05,[0.59777685 0.73244455 0.53158215 ... 0.52578897 0.66305571 0.56671765]
0.9971049910969678,0.9294803816788096,0.6603241719520789,0.0005614415404139401,5.5698308029297125e-05,[0.59661622 0.73175157 0.53047603 ... 0.52635733 0.66067046 0.56670327]
0.9970619409178809,0.929501734612775,0.6582100070472163,0.0005682789505586446,6.0951895465937654e-05,[0.59469144 0.73062246 0.52867197 ... 0.52731211 0.6568039  0.56668033]
0.9969545681369186,0.9292197856393811,0.656800563777308,0.0005804597966847962,6.42366066207822e-05,[0.59146362 0.72878456 0.52572729 ... 0.52893907 0.65053694 0.5666442 ]
0.9961488169745769,0.9287313367280864,0.6553911205073996,0.0006029449724987215,8.663226665479199e-05,[0.58596735 0.72576753 0.52092654 ... 0.53175487 0.64040499 0.56658831]
0.9914816969255144,0.9258092598232969,0.6434108527131783,0.0006464645701855967,0.00019140417177207242,[0.57607747 0.72084162 0.51317057 ... 0.53667801 0.6239846  0.56650594]
0.9763432740974639,0.9158273403904627,0.6257928118393234,0.0007352318564957362,0.0004998551462223256,[0.55800374 0.71303149 0.50108997 ... 0.54512756 0.59747936 0.56638957]
0.9358204945992287,0.8891376180065163,0.5940803382663847,0.0009236176295856785,0.0013695860967910761,[0.52272374 0.70067264 0.48348394 ... 0.55774167 0.5635103  0.56626214]
0.8456032597791511,0.8252510996045354,0.5482734319943622,0.0013142573213481203,0.003359331796079272,[0.51318628 0.68262419 0.483528   ... 0.56950675 0.55276781 0.56624355]
0.7536779607910074,0.7610558699745684,0.5024665257223396,0.0018056954585703852,0.006339423004722145,[0.5314513  0.64319818 0.48780289 ... 0.57226321 0.55072356 0.56628321]
0.7122908988365371,0.7290248621899218,0.47568710359408034,0.0020419222182671217,0.008242683327680049,[0.5483564  0.57693755 0.48948299 ... 0.57444083 0.55539283 0.56633066]
0.6841057225724124,0.7087668058218949,0.452431289640592,0.0021898973016366828,0.008678855797986733,[0.556288   0.57038846 0.49058045 ... 0.57420388 0.56171786 0.56638381]
0.6564089158485612,0.6933181432517238,0.43481324876673716,0.0023245757808761087,0.010816058723888676,[0.56470242 0.56853702 0.49094233 ... 0.57190663 0.56543568 0.56642056]
0.6273804250480471,0.6732463041573529,0.42212825933756165,0.0023092296162666687,0.012075255193452943,[0.56880934 0.56927874 0.49105965 ... 0.56952409 0.5686722  0.56647405]
0.6240144411786002,0.6711924027461251,0.4390415785764623,0.0022788392716887556,0.013089529966407954,[0.57051459 0.5707655  0.49110321 ... 0.57067297 0.57050024 0.56650939]
0.6132383588411863,0.664342352662956,0.4277660324171952,0.0022675417501969402,0.010997614041467702,[0.57138551 0.57144001 0.49111544 ... 0.5713347  0.5713414  0.56652305]
0.6094702833142646,0.6624479921793377,0.678646934460888,0.0022593257027908945,0.01133287256048182,[0.57179446 0.5718001  0.49112045 ... 0.57180017 0.57180019 0.56653118]
0.6049937658458081,0.6555661734927744,0.5313601127554616,0.0022593496214571266,0.0093067568777519,[0.57179709 0.57179724 0.49112048 ... 0.57179721 0.57179751 0.56653115]
0.5922828002107433,0.6521271025246361,0.5313601127554616,0.002259349674172248,0.009289102161669671,[0.5717962  0.57179601 0.49112048 ... 0.57179594 0.57179627 0.56653113]
0.9971238468287633,0.9299445260925948,0.6631430584918957,0.0002842557020698586,4.8078404538518585e-05,[0.59807829 0.73320903 0.53228688 ... 0.52529964 0.66486846 0.56680251]
0.9971229431423394,0.9297502895588075,0.6631430584918957,0.0002856988966066756,3.332375408159402e-05,[0.59743712 0.73284322 0.53161292 ... 0.52562156 0.6634587  0.56678236]
0.997103790341904,0.9296243640706362,0.6603241719520789,0.0002881313053316617,3.274273603765818e-05,[0.59638048 0.73224745 0.53051625 ... 0.52615621 0.66117197 0.56674994]
0.9970730416082731,0.9295850020680975,0.6582100070472163,0.0002923196761669504,4.441147808264144e-05,[0.59462348 0.73127662 0.52872916 ... 0.52705497 0.65746248 0.56669798]
0.9969633056219809,0.929365943390426,0.6575052854122622,0.0002997526497905683,4.7627936156794225e-05,[0.59166425 0.72969555 0.52581637 ... 0.52858825 0.65144414 0.56661563]
0.9962306662465745,0.9288934954941537,0.6560958421423537,0.0003135079767666436,5.336040298176215e-05,[0.586594   0.72708125 0.52107866 ... 0.53124738 0.64169955 0.56648674]
0.9917237043943653,0.9263138217067954,0.6434108527131783,0.00034015746066406056,0.0001289357604672268,[0.57737824 0.72280617 0.51345367 ... 0.53591841 0.62588112 0.56629207]
0.9772212972700746,0.9165504240626036,0.6264975334742776,0.00039462626854371,0.0003499931482572167,[0.56032494 0.71600939 0.50164855 ... 0.54401326 0.60028248 0.56600594]
0.9382607171443549,0.890970547237625,0.5968992248062015,0.0005087566490833992,0.0009632142738808799,[0.52664796 0.70526848 0.48446932 ... 0.55631443 0.56472672 0.56565268]
0.8514351283984029,0.8298964284768914,0.551092318534179,0.0007408096857740656,0.0025445339836463643,[0.5123522  0.68986761 0.48452195 ... 0.56796369 0.55346711 0.56553278]
0.7599283824093398,0.7651184431939375,0.5059901338971107,0.0011098836377931827,0.004959996669818787,[0.52917127 0.65385956 0.49001475 ... 0.56978648 0.55013684 0.56560345]
0.7149511243239081,0.7297889876746699,0.4770965468639887,0.001377384269877667,0.006674064700557442,[0.54543612 0.58981057 0.49238719 ... 0.57198266 0.55416751 0.56571795]
0.6856347244425876,0.7075810309985471,0.452431289640592,0.001506913161642428,0.007746974830577024,[0.55368733 0.56899524 0.49379268 ... 0.57200207 0.56065638 0.56585715]
0.6579823070281734,0.6894296439130773,0.43481324876673716,0.0016120105967847291,0.009453939707226761,[0.56245543 0.56688739 0.49429936 ... 0.57013627 0.56378162 0.5659609 ]
0.6281289804375221,0.6727037612581974,0.42212825933756165,0.0016900151561577196,0.010886788125728698,[0.56771167 0.56819368 0.49450282 ... 0.56838246 0.56763438 0.56611406]
0.6280286947209474,0.6727634396613392,0.4376321353065539,0.0016805862889367029,0.012036923766299642,[0.56920836 0.56943636 0.49458118 ... 0.5693873  0.56919328 0.5662018 ]
0.6136216742779977,0.663372129049085,0.43058491895701195,0.0016727269075099268,0.010909408816636806,[0.57004094 0.57006747 0.49461091 ... 0.56998715 0.5699922  0.56623777]
0.5843122480831636,0.6468023517062566,0.6638477801268499,0.0016699041537741874,0.011609120956588786,[0.57039118 0.57039113 0.49462074 ... 0.57039105 0.57039111 0.56625643]
0.5868176125175825,0.6466908786531345,0.7723749119097957,0.0016699043893073908,0.013613266204945768,[0.57039111 0.57039111 0.49462074 ... 0.57039111 0.57039111 0.56625643]
0.597039266135854,0.6542247363605282,0.7681465821000705,0.0016699043926934685,0.012825762049668414,[0.57039111 0.57039111 0.49462074 ... 0.57039111 0.57039111 0.56625643]
0.9971215654708739,0.9302836124638308,0.6631430584918957,8.916743111509278e-05,7.237202978794349e-05,[0.59747381 0.73363129 0.5323253  ... 0.52507484 0.66529531 0.5669159 ]
0.9971201931562793,0.9300507042195718,0.6617336152219874,8.973118880218619e-05,5.0342243997846464e-05,[0.59692693 0.73334042 0.53165939 ... 0.52536555 0.66396255 0.56687928]
0.9971016239607396,0.9298581874089115,0.6603241719520789,9.068269271683658e-05,2.9251326531501082e-05,[0.59602329 0.73286636 0.53057663 ... 0.5258484  0.66179956 0.56682017]
0.997072705674016,0.9298225070936083,0.6582100070472163,9.232735876998163e-05,1.9243892933234913e-05,[0.59451528 0.73209447 0.5288145  ... 0.52666013 0.65828769 0.56672488]
0.9969718690641624,0.9296342391037931,0.6575052854122622,9.52694422795447e-05,2.7206942349176268e-05,[0.59196057 0.7308386  0.52594863 ... 0.52804527 0.65258341 0.5665724 ]
0.9962464967231941,0.9291763277515727,0.6560958421423537,0.00010080427166021832,2.9873691126654892e-05,[0.58754719 0.72874089 0.52130405 ... 0.53044949 0.64332755 0.56633009]
0.9921709573189443,0.9267468240333857,0.6441155743481325,0.00011194802153691965,5.4071401724184196e-05,[0.57943114 0.72531456 0.51387316 ... 0.53468651 0.62828463 0.56595022]
0.9782121968574187,0.9175804158407735,0.627906976744186,0.00013605076635919903,0.0001490756936331022,[0.56415817 0.71987506 0.50247945 ... 0.54211678 0.60383665 0.56536104]
0.9415227644515177,0.8933358089856099,0.5990133897110641,0.0001907804016215364,0.0005287015119440756,[0.53365065 0.71134016 0.48636333 ... 0.55375046 0.56608532 0.56448887]
0.8602166917712822,0.8368934193202634,0.5539112050739958,0.00030055125991478,0.0015460585550808302,[0.51134851 0.69996654 0.48546972 ... 0.5651989  0.55408812 0.56389396]
0.7704242998666997,0.7717433644189954,0.51092318534179,0.00047315010931537184,0.003406487433913025,[0.52597967 0.67126555 0.4925288  ... 0.56707529 0.54922092 0.56384257]
0.7190203955102535,0.7320311495145709,0.48273431994362226,0.0006895325114738621,0.004976365584522679,[0.53924526 0.62085489 0.497697   ... 0.56708839 0.55077061 0.56401881]
0.6873428498100888,0.7065408016827959,0.45525017618040875,0.0008353166117984925,0.006395128350720599,[0.54839765 0.56714333 0.50021628 ... 0.56734604 0.55727617 0.56432318]
0.6603586147947216,0.6837552370047062,0.4369274136715997,0.0009059264883297911,0.008000752573051523,[0.55743768 0.56345398 0.50125208 ... 0.56585342 0.56055749 0.5645569 ]
0.6375045744556876,0.6679192007809142,0.42424242424242425,0.0009569753771925115,0.009077071198496071,[0.56356911 0.5648911  0.50171    ... 0.56546006 0.56414925 0.56494945]
0.6273710373097275,0.6690187793889676,0.4397463002114165,0.0009947214687621173,0.010085157865769122,[0.56628158 0.56649851 0.50194029 ... 0.56651504 0.56627356 0.565228  ]
0.6102334028074249,0.6574729354152014,0.44115574348132486,0.000991946268808995,0.011451918079257632,[0.56712523 0.56709588 0.50200799 ... 0.56705154 0.56704933 0.56532425]
0.5889471208897351,0.6479772019990101,0.6800563777307963,0.0009910688055736932,0.009879669735620296,[0.56738507 0.56738076 0.50202476 ... 0.56738114 0.56738081 0.56536158]
0.6002389218566763,0.6490640834077034,0.7568710359408034,0.0009910690126345677,0.0129849893809313,[0.56738155 0.56738155 0.50202487 ... 0.56738155 0.56738155 0.56536161]
0.5988285446919982,0.6534277567237172,0.7441860465116279,0.000991069006711789,0.011939890691288653,[0.56738153 0.56738155 0.50202487 ... 0.56738155 0.56738155 0.56536161]
