h,famous
0.0006521089078144793,1.0
0.0007979455433112896,1.0
0.0006303252963381056,0.0
0.0007112683738968021,0.0
0.0006614755084357692,0.0
0.0006547331355176097,0.0
0.0009331259238446558,0.0
7.789948369953304e-05,0.0
0.000714926382506244,0.0
8.43911073411608e-05,0.0
7.140786005790528e-05,0.0
7.140786005790528e-05,0.0
0.0004778575792257915,0.0
0.0009331259238446558,0.0
6.491623641627753e-05,0.0
0.0006748673441521779,0.0
7.789948369953304e-05,0.0
0.0008048094829616282,0.0
0.00070534717809011,0.0
9.73743546244163e-05,0.0
0.0006890487273981971,0.0
0.0007243285090701398,0.0
0.0007226315877773188,1.0
9.73743546244163e-05,0.0
0.0005334023134237074,0.0
0.000870608226914638,0.0
6.491623641627753e-05,0.0
0.00011035760190767183,0.0
0.0006126962796266641,0.0
0.0005130096967723842,0.0
0.00010386597826604405,1.0
0.00011035760190767183,0.0
0.0006599131842633425,1.0
0.00014930734375743837,0.0
0.000631762528326637,0.0
8.43911073411608e-05,0.0
0.0001233408491909273,0.0
0.0008647555684967363,1.0
0.0007163348201083098,0.0
0.0007166078045945218,0.0
0.0009894817960176047,0.0
0.0008096060760382353,0.0
0.0005586241619878936,0.0
0.00013632409647418281,0.0
9.088273098278856e-05,0.0
0.00011035760190767183,0.0
0.00046214131590900843,0.0
0.0004516476611268203,0.0
0.0006148967677299767,1.0
0.0006172595699695372,1.0
0.00011684922554929957,0.0
0.0007946868040808909,0.0
0.0005092236932910366,1.0
0.0006816197999826931,0.0
0.0006092760009273535,0.0
0.0003322636129957932,0.0
0.0007632905650135731,0.0
9.73743546244163e-05,0.0
0.00042093180676753894,0.0
0.0001233408491909273,0.0
0.00010386597826604405,0.0
0.0005051506900897631,0.0
0.0006808224014602447,0.0
0.0001233408491909273,0.0
0.0007060675873788121,1.0
8.43911073411608e-05,1.0
9.088273098278856e-05,0.0
9.73743546244163e-05,0.0
0.00010386597826604405,0.0
0.0005418164187295035,0.0
8.43911073411608e-05,0.0
0.00029784214664683675,0.0
8.43911073411608e-05,0.0
9.088273098278856e-05,0.0
0.0005102119753973627,0.0
0.00010711179008685796,0.0
0.0006873531635438156,0.0
0.00013632409647418281,0.0
0.00010386597826604405,0.0
4.381845958098734e-05,0.0
7.140786005790528e-05,0.0
0.0006582638606677102,0.0
0.000668221535845506,0.0
0.0006311669343532581,1.0
0.000529384849589011,0.0
0.0006445627073635749,0.0
0.0007290965244875662,0.0
0.0007006226568699443,1.0
0.0001298324728325551,0.0
0.00026240307299140874,0.0
7.140786005790528e-05,0.0
0.0005874806040295897,0.0
0.00044730984493544774,1.0
8.276820143075385e-05,0.0
8.43911073411608e-05,0.0
0.00038193281428214234,0.0
0.0007531801910290348,0.0
8.276820143075385e-05,1.0
0.0008747472924541596,1.0
0.000813598176771246,1.0
0.0006787732891227418,0.0
0.00011035760190767183,0.0
0.0006975265466701048,0.0
3.894974184976652e-05,0.0
0.00010386597826604405,1.0
0.001143641039995883,1.0
0.00011035760190767183,0.0
6.491623641627753e-05,0.0
0.0005431201463555156,0.0
0.0003953565542885345,0.0
7.140786005790528e-05,0.0
0.0010275750749648971,0.0
0.0007860708794373599,0.0
6.491623641627753e-05,0.0
0.0006142366742069997,0.0
0.0006593912907372716,0.0
6.491623641627753e-05,0.0
0.0005202452190843139,0.0
9.73743546244163e-05,0.0
0.0004280375655469667,0.0
7.789948369953304e-05,0.0
0.0009687161351042404,0.0
0.00011035760190767183,1.0
0.0005544071157433499,0.0
0.0006552789623711753,0.0
0.000777299273140949,0.0
0.00011684922554929957,0.0
0.00010386597826604405,0.0
0.0007353070035350301,1.0
0.00023286970996032715,0.0
8.43911073411608e-05,0.0
9.73743546244163e-05,0.0
0.000714926382506244,0.0
0.0006206989001440288,0.0
0.000386589163776002,0.0
0.0006903071830811211,0.0
0.0006062858412898775,0.0
9.088273098278856e-05,0.0
0.0007352359080076765,0.0
0.0009074971731487116,1.0
0.0007183175102150067,0.0
0.0005274630852718728,0.0
0.0008630657132757968,1.0
0.0005144444067423207,0.0
0.0006664576503456562,0.0
0.0008302834163300524,1.0
8.43911073411608e-05,0.0
0.00047749783654062693,0.0
0.00103297656860392,0.0
9.73743546244163e-05,0.0
7.140786005790528e-05,0.0
0.0005553516511769855,0.0
8.763691916197468e-05,0.0
0.0008267851887891483,1.0
0.0009656050342317298,1.0
0.0005259499184446239,0.0
0.00011684922554929957,0.0
0.0005478943134233482,0.0
0.0005047317971195567,0.0
0.00013632409647418281,0.0
0.0004374019101870745,0.0
0.0006575141651511847,0.0
0.00046582155640516895,0.0
8.43911073411608e-05,0.0
0.0007132308186518623,0.0
0.000615238133771692,0.0
0.0007434189964007373,1.0
0.0006020885942249224,0.0
0.0006878843331122216,0.0
0.00010386597826604405,0.0
0.00067393041524707,0.0
0.0003692390316410378,0.0
0.0005937100303352488,1.0
9.73743546244163e-05,0.0
0.0005252993809035854,0.0
0.0008712621486892505,1.0
0.0005838665062459633,0.0
0.00014281572011581056,0.0
0.00010386597826604405,1.0
0.0009031268871547898,0.0
0.0002722579368074366,1.0
0.0005693896376919316,0.0
0.00011684922554929957,0.0
0.000710407759221572,0.0
0.0007174136360601803,0.0
0.0005211799425000176,0.0
0.0007034425684225858,0.0
0.00040201311848556506,0.0
0.0008470383126343667,0.0
0.0005568675428167339,0.0
0.0006231259078875084,0.0
0.00011035760190767183,0.0
0.0004993059927855355,0.0
0.0006862426850829981,0.0
0.00011684922554929957,0.0
7.140786005790528e-05,0.0
0.0004554080280819243,0.0
0.00026412120617909504,0.0
0.0004464545695546234,0.0
0.0006692188286936596,0.0
0.00013632409647418281,0.0
0.000952754988640578,1.0
0.0007541375180465028,0.0
0.0006932989003257342,0.0
7.789948369953304e-05,0.0
0.0005619289664555046,0.0
0.00011035760190767183,0.0
7.789948369953304e-05,0.0
0.0004531184014898109,0.0
8.43911073411608e-05,0.0
0.0006491623641627761,0.0
0.0007937088737471424,0.0
0.0005449641368666965,0.0
0.0006061353334006894,0.0
0.0007197124810868119,1.0
0.0008589355812918469,0.0
0.0006072135644675438,0.0
0.000686895248025658,0.0
0.0006139521651072719,0.0
7.789948369953304e-05,0.0
0.0003971694995731289,0.0
9.088273098278856e-05,0.0
0.0006037970089974189,0.0
0.0006109715647817351,0.0
7.789948369953304e-05,0.0
0.0001298324728325551,0.0
8.43911073411608e-05,0.0
8.43911073411608e-05,0.0
0.000374463339249251,0.0
0.0008806346642821489,0.0
0.0005565079444510987,1.0
0.0006918137936075919,0.0
9.088273098278856e-05,0.0
0.0005021038630540266,0.0
0.000752043930247919,1.0
0.0005469580866906885,1.0
0.0007483016893454237,1.0
0.0001233408491909273,0.0
0.0007622912350185141,0.0
0.00010386597826604405,0.0
0.0006645706307048026,0.0
0.001035058998788423,0.0
0.0005493642000008547,0.0
0.00043626540807411315,0.0
0.0005162991220446269,0.0
7.789948369953304e-05,0.0
9.73743546244163e-05,0.0
7.789948369953304e-05,0.0
0.0005613508962165369,0.0
0.00058678947352807,0.0
7.140786005790528e-05,0.0
0.00045331064352499974,0.0
0.00011035760190767183,0.0
0.0001233408491909273,0.0
0.0006931990981080321,0.0
5.842461277464978e-05,0.0
0.000714926382506244,0.0
9.088273098278856e-05,0.0
0.00034890193122474823,0.0
6.491623641627753e-05,0.0
0.0008133761470571965,0.0
0.00045594009699461183,0.0
0.000730547481815868,0.0
9.73743546244163e-05,0.0
0.0007211045300966643,1.0
0.0001233408491909273,0.0
0.00031782546929896936,0.0
0.0001233408491909273,0.0
9.088273098278856e-05,0.0
0.0006888333868635601,1.0
0.0007698046453173302,0.0
0.0005145476252362399,1.0
0.00048521952511917146,0.0
0.0005678841147476987,0.0
0.00011035760190767183,0.0
0.0001233408491909273,0.0
0.0005497000592912575,0.0
9.088273098278856e-05,0.0
0.0007116040682856793,0.0
0.0009520290947211961,1.0
9.73743546244163e-05,0.0
0.0008597946521126438,0.0
0.0007419652926190292,0.0
5.193298913302203e-05,0.0
0.0006883356720592923,1.0
0.00040053635572413494,0.0
0.0007615319920174433,0.0
0.0008755355932548041,0.0
9.73743546244163e-05,0.0
0.0011471119419888239,1.0
0.0006172595699695372,1.0
0.0006124268552953005,1.0
0.0005078145620741094,0.0
0.00074080403761429,0.0
0.0007132308186518623,0.0
0.0003896506069674838,0.0
0.00045623606308792177,0.0
0.0007943714857657805,0.0
0.0008857834510074513,0.0
6.491623641627753e-05,0.0
0.0008895359998367932,0.0
5.842461277464978e-05,0.0
0.0001298324728325551,0.0
0.0005585624521889016,0.0
0.0009779824558801171,0.0
0.0007915925153781606,0.0
7.789948369953304e-05,0.0
0.000693001900440524,0.0
0.0010770768886801643,1.0
7.140786005790528e-05,0.0
0.0008577381982436817,0.0
0.0008187300634626564,0.0
0.0005165162555915073,1.0
0.001182967952750417,0.0
0.00014281572011581056,0.0
0.0003910027031648736,0.0
0.0006801267108339664,0.0
0.0006266758367634919,0.0
0.000522715227413375,0.0
0.000678779621038467,1.0
0.0006880741278654106,0.0
0.0006778266763477107,0.0
0.0001298324728325551,0.0
8.43911073411608e-05,0.0
0.00039688925674289484,0.0
0.00010386597826604405,0.0
7.789948369953304e-05,0.0
0.0008703381836626619,1.0
0.0004480531325009476,0.0
0.00039528792733847416,0.0
0.0012028016080822294,1.0
0.0006578840178209194,1.0
8.43911073411608e-05,0.0
0.000621051442909071,0.0
0.0010767459637804407,1.0
9.088273098278856e-05,0.0
0.0005748094772243186,0.0
0.0007046276849102237,0.0
0.0005525033037968119,0.0
0.0007582038734504286,0.0
0.0006435239113884946,1.0
0.00010386597826604405,0.0
0.00013632409647418281,0.0
0.0005578465278643986,0.0
0.0004442964366595462,0.0
0.0006671946573885461,1.0
0.000777079052925869,0.0
0.0007349581030500753,0.0
0.00011684922554929957,0.0
0.00034227892705927527,0.0
9.73743546244163e-05,0.0
0.0008604586637376846,1.0
0.00014281572011581056,0.0
0.0007492166584685633,1.0
0.0007154837139273945,0.0
8.43911073411608e-05,0.0
0.00010386597826604405,0.0
0.000555825126856879,0.0
0.0004223013410591664,0.0
9.088273098278856e-05,0.0
7.140786005790528e-05,0.0
0.0008597249637667238,0.0
0.0004405508685770294,0.0
0.0011002654447867606,0.0
0.0001233408491909273,0.0
0.0005717712678757934,1.0
0.0005274630852718728,0.0
0.00040201311848556506,0.0
0.0007565083095960473,0.0
5.193298913302203e-05,0.0
0.000452324267682334,0.0
7.789948369953304e-05,0.0
0.0005757584145671926,1.0
0.0007557383632818899,1.0
7.789948369953304e-05,0.0
0.0009921174808002718,0.0
7.789948369953304e-05,0.0
6.491623641627753e-05,0.0
0.0005661933122797371,0.0
0.0009774556989534124,0.0
0.0005035602358647454,0.0
0.0007703657797964467,1.0
0.0005258047093767458,1.0
0.0006975265466701048,0.0
0.0005889914764885847,0.0
0.0008981508018166003,0.0
0.0005951346303953239,0.0
0.0005147743693354812,0.0
0.0005584126088139316,1.0
7.140786005790528e-05,0.0
0.00011684922554929957,0.0
0.0008604631273205561,0.0
0.0005927194852731281,0.0
9.73743546244163e-05,0.0
0.0007583140138704931,1.0
0.0004799509063394431,1.0
0.000714926382506244,0.0
0.0007797540799964024,0.0
0.0005979259438530203,0.0
0.0006267930267635633,0.0
0.00031907353249326103,0.0
0.0003413746569852728,0.0
0.0005691423869206701,1.0
0.0004869958872204402,0.0
0.000748624669034295,0.0
9.088273098278856e-05,0.0
9.73743546244163e-05,0.0
0.00011684922554929957,0.0
0.0007250928163996366,0.0
0.0004722384288394825,0.0
0.000515414640090808,0.0
0.0001233408491909273,0.0
0.0007129096416805962,1.0
0.00011035760190767183,0.0
0.0005386644979327229,0.0
0.00011035760190767183,0.0
0.00011684922554929957,0.0
0.000684012843609521,0.0
0.0009729723094464086,1.0
0.0007565214457904079,1.0
0.0003691370776635644,0.0
0.0006741566963820221,0.0
2.921230638732489e-05,0.0
0.0006234502590141814,1.0
0.0004891297252927752,0.0
0.0006215891452003473,0.0
0.0006901282773921726,0.0
0.0004585718628552631,0.0
9.73743546244163e-05,0.0
0.0007444675247144091,1.0
7.789948369953304e-05,0.0
0.0007562172270216324,0.0
0.0005975473687928476,0.0
0.000633569141504099,0.0
0.0005714222490358785,0.0
0.0010465118730760138,1.0
0.0007037206759613279,0.0
0.0007357173460511454,0.0
0.0005967738292291117,0.0
9.73743546244163e-05,0.0
7.789948369953304e-05,0.0
0.0007234669338236792,0.0
9.73743546244163e-05,0.0
0.00042585954740136594,0.0
0.000588422028240703,0.0
0.0005770000048643982,0.0
9.73743546244163e-05,0.0
0.000634546744427218,0.0
0.00010386597826604405,0.0
0.001094563971394071,1.0
0.0006603513909273547,0.0
0.00070534717809011,0.0
0.0006064954225263005,1.0
0.0007577357130237743,0.0
9.73743546244163e-05,0.0
0.0007946991089770872,0.0
8.43911073411608e-05,0.0
0.0002928723356750264,0.0
0.0004643322945328009,0.0
0.0006672378733233954,0.0
0.0008706365104468453,0.0
0.00037709086081195883,1.0
0.00011035760190767183,0.0
0.0005222765338118451,0.0
9.73743546244163e-05,1.0
9.73743546244163e-05,0.0
0.0008691337672180932,0.0
9.73743546244163e-05,0.0
0.00096453455140369,0.0
0.0006599953085124756,0.0
8.43911073411608e-05,0.0
0.0009591800114361535,1.0
0.0006628289301469955,0.0
9.73743546244163e-05,0.0
0.00011035760190767183,0.0
0.0005375519793091802,0.0
0.0005626045035172852,0.0
0.000338585413891727,0.0
0.0006535468222146136,0.0
0.00010386597826604405,0.0
0.0001298324728325551,0.0
0.0004895609261323696,0.0
0.0007349581030500753,0.0
0.00011684922554929957,0.0
6.491623641627753e-05,0.0
7.789948369953304e-05,0.0
0.0007571273592332118,0.0
0.0003120782165715976,0.0
0.000692623883411537,0.0
0.0006873531635438156,0.0
7.140786005790528e-05,0.0
0.0005239172907857316,0.0
0.001011613604612251,1.0
0.0007136989790785184,0.0
0.00043360060702211337,0.0
0.00010386597826604405,0.0
0.00013632409647418281,0.0
0.00043252737745944644,0.0
0.0009707610572067633,0.0
0.0009143146207117515,0.0
9.088273098278856e-05,0.0
0.00013632409647418281,0.0
0.0001557989673990661,0.0
0.0006704214881343331,0.0
0.0009166000885992861,0.0
0.0005864505762430568,0.0
0.00011035760190767183,0.0
0.0007919301184404718,1.0
0.0009103963919014583,0.0
0.0004413882615114939,0.0
0.00010224307235563714,0.0
7.789948369953304e-05,0.0
0.0005477907363373982,0.0
0.0007536452460818651,1.0
0.0004917367238074313,0.0
0.00010386597826604405,0.0
0.0006128483229004315,0.0
0.0005009441952155687,0.0
0.00012171794328052038,0.0
0.0007357173460511455,0.0
0.0001298324728325551,0.0
7.789948369953304e-05,0.0
0.0008462903522631657,0.0
0.0001298324728325551,0.0
6.491623641627753e-05,0.0
0.00011684922554929957,0.0
0.000669953327707677,0.0
0.0007029770555834294,0.0
0.0004442047193251596,0.0
0.0006873578631381166,0.0
0.0007615319920174434,0.0
0.0007866102945347542,1.0
0.0010593762645683081,1.0
0.00010386597826604405,0.0
0.0005151672538276943,0.0
0.0007664684226763464,0.0
0.0006283714006178737,0.0
7.789948369953304e-05,0.0
0.0009757243283867469,1.0
9.73743546244163e-05,0.0
0.0007598994373048102,0.0
0.0007166078045945218,0.0
0.0006726218033584777,0.0
0.0006159761599430492,0.0
7.140786005790528e-05,0.0
0.0007531801910290345,0.0
0.0010546156173548643,1.0
0.00011684922554929957,0.0
0.0007467626148408503,0.0
0.0006106302059635987,0.0
0.00011035760190767183,0.0
8.43911073411608e-05,0.0
0.0007531801910290348,0.0
0.0008323572547273299,0.0
0.0007598994373048102,0.0
0.00011684922554929957,0.0
9.088273098278856e-05,0.0
0.000302967172582118,0.0
0.0005561657473103175,0.0
0.00082013657227561,1.0
0.0007140859293782109,1.0
0.00010386597826604405,0.0
0.000619649870438464,0.0
0.00044497279442350503,0.0
0.0007997858005402318,0.0
0.00011035760190767183,0.0
0.0006304893855537876,0.0
5.193298913302203e-05,0.0
0.0007697468132717399,0.0
0.0005408279400952395,0.0
0.0008067285270637385,1.0
0.0005937100303352488,1.0
9.73743546244163e-05,0.0
9.088273098278856e-05,0.0
0.00011035760190767183,0.0
9.088273098278856e-05,0.0
0.0009832016368719121,0.0
0.0009206865445329395,1.0
0.001004155171005186,1.0
0.0007357173460511454,0.0
0.0004243655678622902,0.0
0.0010155150450663548,0.0
0.0009575411205362226,1.0
0.00013632409647418281,0.0
0.00011684922554929957,0.0
0.0010864367706529033,1.0
0.0011268976071256345,0.0
0.001004155171005186,1.0
0.00068931048959921,0.0
8.43911073411608e-05,0.0
0.0005422303133324414,0.0
0.000498381383555421,1.0
0.0007657842141387777,0.0
0.0006024937455098272,0.0
0.0004207166642204291,0.0
0.00048814759719285796,0.0
0.0001233408491909273,0.0
0.0007518653133805781,1.0
7.789948369953304e-05,0.0
8.43911073411608e-05,0.0
0.0006862742352092503,1.0
0.0006356950256959605,0.0
7.789948369953304e-05,0.0
8.43911073411608e-05,0.0
9.088273098278856e-05,0.0
0.0005415202564017031,0.0
0.0006827642134151948,0.0
0.00010386597826604405,0.0
0.000808996206823195,1.0
7.140786005790528e-05,0.0
0.0012512592924611473,0.0
0.0005710420862532654,0.0
0.0005358378002471057,0.0
0.0008259175201312529,0.0
8.43911073411608e-05,0.0
0.00011684922554929957,0.0
0.0001298324728325551,0.0
0.0009268244644631314,1.0
0.0005182604176607922,0.0
0.0006682577638532956,1.0
0.00040787200471249975,0.0
0.0007846869854444687,0.0
0.0004847053212104802,0.0
0.00037461217866878823,0.0
0.00028047324643145786,0.0
0.0005056633253460016,0.0
0.0007806904008497119,0.0
0.0007374836113018999,1.0
0.0004528613195279236,0.0
0.0003971694995731289,0.0
0.0005639505361349263,1.0
0.0006983261947126942,1.0
0.0005906544143060054,0.0
0.0006450495782043211,0.0
0.0001233408491909273,0.0
0.0007501583812841792,0.0
0.0006007981816554459,0.0
0.0003752458025302908,0.0
9.73743546244163e-05,0.0
9.088273098278856e-05,0.0
0.00011035760190767183,0.0
0.0006024278367737294,0.0
0.0006450403585393453,0.0
0.0004230943893478352,0.0
6.491623641627753e-05,0.0
0.0006762911970173971,0.0
0.0006632372822562616,0.0
0.00014281572011581056,0.0
0.0005359077720246459,0.0
0.0004818363109172971,1.0
0.0009757243283867471,1.0
0.0006354957981785567,0.0
0.0007632484643403074,0.0
0.0007615319920174434,0.0
0.00010386597826604405,0.0
0.0005781465557620687,0.0
0.00031548525246011277,1.0
0.0003475375976985684,0.0
0.0001298324728325551,0.0
0.00014930734375743837,0.0
0.0009816732487970626,0.0
0.0006883488534057545,0.0
0.0006716488915620588,0.0
0.0006672591980154555,0.0
0.00011035760190767183,0.0
0.0006399283433880226,0.0
0.000784081528558475,0.0
0.0006671946573885461,1.0
8.43911073411608e-05,0.0
0.000650684577164127,1.0
0.0004799008922457934,0.0
0.00010386597826604405,0.0
0.0001557989673990661,0.0
0.0006573691478909483,0.0
0.0007273655450627377,0.0
0.0006831984733805904,1.0
0.0006402140129918704,0.0
0.00011035760190767183,0.0
0.000741381045406641,0.0
0.0007238801661025877,0.0
9.088273098278856e-05,0.0
7.140786005790528e-05,0.0
0.00011035760190767183,0.0
0.00010386597826604405,0.0
9.73743546244163e-05,0.0
0.0008990638813516304,1.0
0.00013632409647418281,0.0
0.0006827642134151948,0.0
6.491623641627753e-05,0.0
0.0007220723423266287,1.0
0.0006542490557259197,0.0
7.789948369953304e-05,0.0
0.0004878824926956212,0.0
7.789948369953304e-05,0.0
0.0005124672289308286,0.0
0.0008170497411486273,1.0
0.0008534575957398401,0.0
0.0006371332102059074,1.0
0.000759359176088367,0.0
0.0001233408491909273,0.0
0.0007132308186518623,0.0
0.00013632409647418281,0.0
0.0007250271712370504,0.0
0.0005497000592912575,0.0
0.0006525868635176733,0.0
0.0006742177671280021,0.0
5.842461277464978e-05,0.0
0.00013632409647418281,0.0
0.0006149959172080708,0.0
0.00038132345906355175,0.0
0.0005278964099455005,0.0
0.0005586563844570367,0.0
0.0010283021874947476,1.0
0.0006197409538924294,0.0
0.0005344323744718638,0.0
9.088273098278856e-05,0.0
0.00010386597826604405,0.0
0.0005236908015584022,0.0
0.0006107312775471836,0.0
9.73743546244163e-05,0.0
8.43911073411608e-05,0.0
0.00010386597826604405,0.0
0.0006213925702750558,0.0
7.140786005790528e-05,0.0
9.73743546244163e-05,0.0
0.000748624669034295,0.0
0.000728456093471304,1.0
0.0007958866246350388,0.0
0.000678963083875931,0.0
0.0006122298634118849,0.0
0.0007132308186518623,0.0
0.0009848801026184578,1.0
0.0008706365104468453,0.0
0.0002570126776531551,0.0
0.0005679612986798651,0.0
0.00013632409647418281,0.0
0.000493149290865058,0.0
5.193298913302203e-05,0.0
0.0003222611452440759,0.0
9.73743546244163e-05,0.0
9.088273098278856e-05,1.0
0.0006704214881343331,0.0
0.0005587730707582192,0.0
0.0009491883550422869,0.0
0.0008696730987506799,0.0
0.0002737229861092421,0.0
4.868717731220815e-05,0.0
0.00038705386457530376,1.0
0.0001298324728325551,0.0
0.0006266758367634919,0.0
0.000597119189852379,0.0
0.0008972207647583339,1.0
8.43911073411608e-05,0.0
0.00011198050781807875,0.0
0.0007548127457416656,0.0
0.0007745486200312566,0.0
0.0007548127457416656,0.0
0.0005662800468666631,0.0
0.0009356785855762857,0.0
0.0009978993530755165,1.0
6.491623641627753e-05,0.0
9.088273098278856e-05,0.0
0.00037237297713831616,0.0
0.0008981062608550549,0.0
0.0007874382118906046,0.0
0.0006997412027476794,0.0
0.0004251745520237784,0.0
8.43911073411608e-05,0.0
9.73743546244163e-05,0.0
0.0005035308322151809,0.0
9.088273098278856e-05,0.0
0.0005077632685536824,0.0
0.0008012575657070983,0.0
0.0006301138821583695,1.0
0.0005565576509978431,0.0
0.0004030573553784698,0.0
0.00012171794328052038,0.0
0.000714926382506244,0.0
0.0007508925701439587,0.0
0.0007500329364944203,0.0
9.73743546244163e-05,0.0
0.0006892773327244111,0.0
0.00011684922554929957,1.0
0.0008655498188837005,0.0
0.0007839813596578772,0.0
0.0006000234447362639,0.0
0.0006592329159153096,0.0
7.789948369953304e-05,0.0
7.140786005790528e-05,0.0
6.491623641627753e-05,0.0
0.0006742177671280021,0.0
0.000826132338893257,0.0
0.001000420662517782,1.0
0.0005003145930554821,0.0
9.088273098278856e-05,0.0
7.140786005790528e-05,0.0
0.0006762911970173971,0.0
7.789948369953304e-05,0.0
0.0008771526681268435,0.0
0.0006412045134184452,0.0
0.0007452081647364021,1.0
7.789948369953304e-05,0.0
0.00010711179008685796,0.0
0.0005222355218943913,0.0
0.000747023700649967,0.0
8.43911073411608e-05,0.0
0.0009268091570650817,0.0
0.0006602462671040118,0.0
0.0005519112433815624,0.0
0.00011684922554929957,0.0
0.00011035760190767183,0.0
0.0006104714610124132,0.0
5.842461277464978e-05,0.0
0.0008014813643946136,0.0
9.73743546244163e-05,0.0
5.842461277464978e-05,0.0
0.0005955313681586761,0.0
0.00011684922554929957,0.0
0.0003683298157974691,0.0
0.000722810023067998,0.0
7.140786005790528e-05,0.0
7.789948369953304e-05,0.0
0.0007132308186518623,0.0
0.0001233408491909273,0.0
0.0008412965241470973,0.0
0.00040252341597858877,0.0
0.00011035760190767183,0.0
0.0007374836113018999,1.0
0.0005939979030446137,0.0
0.0010778687929196133,0.0
0.0004233976002534634,0.0
0.0006494007806192556,1.0
0.0008413075629860704,0.0
0.0001298324728325551,0.0
0.0003845921989365461,0.0
0.000731783028687335,0.0
0.000570146098433246,0.0
0.00010386597826604405,0.0
0.00042393908160042837,0.0
0.000830843250644319,0.0
0.0008000107891071431,1.0
0.00011684922554929957,0.0
0.0003050839623927413,0.0
0.00046766392152879126,1.0
6.491623641627753e-05,0.0
0.0008784247030864028,1.0
0.0006175031717779924,0.0
8.43911073411608e-05,0.0
0.0007739081454321858,0.0
0.0004621869352784822,0.0
5.842461277464978e-05,0.0
9.088273098278856e-05,0.0
0.000399471267896276,0.0
0.000495802113760271,0.0
0.00028309181983687543,0.0
0.0001298324728325551,0.0
0.00014281572011581056,0.0
0.0007575777187512259,1.0
0.0006856575996894341,0.0
0.0008605423819131495,0.0
0.0006334580921810183,0.0
0.0004707185320900542,0.0
0.001012186449499656,1.0
0.0006010713306683926,0.0
0.00011035760190767183,0.0
0.0005458033426610488,0.0
0.0006891910698924146,0.0
0.00034858991969333836,0.0
8.43911073411608e-05,0.0
0.0007518035911769254,0.0
0.0005842951960759628,0.0
0.0007634121330122789,1.0
0.0005073552244393696,0.0
0.0004532878525467331,0.0
0.0009695046366082091,0.0
0.0008139205269511078,0.0
4.868717731220815e-05,0.0
7.140786005790528e-05,0.0
0.0005414501258274626,0.0
0.0007997858005402318,0.0
0.0001233408491909273,0.0
0.0007707918753352718,0.0
7.789948369953304e-05,0.0
7.789948369953304e-05,0.0
8.43911073411608e-05,0.0
0.0003979926453357939,0.0
9.73743546244163e-05,0.0
0.0003031642594488682,0.0
9.088273098278856e-05,0.0
0.0004939363061726534,0.0
0.0005597370947829411,0.0
0.0005678543602042575,0.0
0.0005193298913302203,0.0
9.088273098278856e-05,0.0
0.0008738292885402866,0.0
0.0010750857009491177,0.0
0.0007098396909430988,0.0
0.0008222723279395163,0.0
7.140786005790528e-05,0.0
0.00011035760190767183,0.0
0.00011684922554929957,0.0
8.763691916197468e-05,0.0
0.00011684922554929957,0.0
0.0007570709098591942,0.0
0.0004753025078910865,0.0
0.0008131612839500368,0.0
0.000427008130673652,0.0
0.0004188420782587236,0.0
0.0002503732304326296,0.0
7.789948369953304e-05,0.0
0.00013632409647418281,1.0
0.0003688812257651263,0.0
9.73743546244163e-05,0.0
0.0001233408491909273,0.0
0.00023083904992148312,0.0
0.0001298324728325551,0.0
0.0006344254455323856,0.0
0.0010982933721197428,1.0
7.140786005790528e-05,0.0
5.193298913302203e-05,0.0
0.0010742096374727536,1.0
0.0005840779885310688,0.0
0.0004123360841487067,0.0
0.0004784150438113873,0.0
0.00011684922554929957,0.0
0.0006906969249939945,0.0
0.0003967059798378775,0.0
0.00010386597826604405,0.0
0.0001233408491909273,0.0
7.789948369953304e-05,0.0
0.0007011515578349266,0.0
0.0009583580527510452,0.0
0.0007979455433112896,1.0
0.000376323146529316,0.0
0.0005411917166525656,0.0
0.000830069619298931,0.0
9.73743546244163e-05,0.0
0.0008606398761369575,0.0
0.0007823859647040937,1.0
0.000788105880984811,0.0
9.73743546244163e-05,0.0
0.0009662419511295259,0.0
0.0007719092574981345,0.0
0.0009686423655796577,1.0
0.000710378154216138,1.0
8.43911073411608e-05,0.0
0.0009219064323640037,1.0
0.00010386597826604405,0.0
0.00011035760190767183,0.0
0.0001233408491909273,0.0
0.0009012114431231576,0.0
9.73743546244163e-05,0.0
0.00010386597826604405,0.0
0.0007147565621515103,1.0
0.0006607051662938428,0.0
0.0007833280080737742,0.0
7.140786005790528e-05,0.0
0.0007496150048554401,0.0
0.0007347998941514334,0.0
0.0006517293752471485,0.0
0.0005961161058893676,1.0
0.0005874939650944264,0.0
4.544136549139427e-05,0.0
0.00011684922554929957,0.0
0.0005556383913199776,0.0
7.140786005790528e-05,0.0
0.000454855188899352,0.0
0.000405376013515364,0.0
0.0003326939319089002,0.0
0.0007036807618503955,0.0
0.00010386597826604405,0.0
0.0005847906377361441,0.0
0.0005095138954793538,0.0
0.0007560010046266034,0.0
9.088273098278856e-05,0.0
9.73743546244163e-05,0.0
0.000802067822413845,0.0
0.0005245886811570987,1.0
0.0007043521744644162,0.0
0.0006733444554164403,1.0
9.088273098278856e-05,0.0
0.00013632409647418281,0.0
5.842461277464978e-05,0.0
0.0007368251559872773,1.0
5.193298913302203e-05,0.0
0.0005772808473021624,1.0
0.0006128563746710669,0.0
0.0004510912850150416,0.0
0.0005900839050557582,0.0
0.00013632409647418281,0.0
0.0006802917751248838,0.0
0.0001265866610117412,0.0
0.0007103781542161381,1.0
0.0005134241849585196,0.0
0.0003397545880534478,0.0
0.00014281572011581056,0.0
0.0007294878898096765,1.0
0.0006971127862514119,0.0
8.43911073411608e-05,0.0
7.789948369953304e-05,0.0
0.0001298324728325551,1.0
0.0005842951960759628,0.0
5.842461277464978e-05,0.0
0.0007186663641807502,0.0
0.0001298324728325551,0.0
0.0002674433783953936,0.0
0.0002836735935593489,0.0
0.0008173436176659742,0.0
5.842461277464978e-05,0.0
0.0005451445372965176,0.0
0.00011684922554929957,0.0
0.0006279032401912191,0.0
0.0005727177781163718,0.0
0.0006529586431564449,0.0
0.00014281572011581056,0.0
0.00010386597826604405,0.0
0.00013632409647418281,0.0
9.73743546244163e-05,0.0
7.140786005790528e-05,0.0
6.491623641627753e-05,0.0
0.001017005216596338,1.0
0.000573315215085325,0.0
0.0005553516511769855,0.0
0.0001233408491909273,0.0
0.0006975265466701048,0.0
9.088273098278856e-05,0.0
0.00010386597826604405,0.0
0.0005946798403149766,1.0
0.0006593912907372714,0.0
0.0008217011368254749,0.0
0.0008039264510430671,0.0
0.0009327306836441637,1.0
0.0008174409488040955,0.0
0.0007197124810868118,1.0
0.0009804430215410896,0.0
0.0009218898534398011,1.0
0.0001298324728325551,0.0
9.088273098278856e-05,0.0
0.0004868410925917515,0.0
8.43911073411608e-05,0.0
9.088273098278856e-05,0.0
0.0005187808584923077,0.0
9.088273098278856e-05,0.0
0.0007571540537547555,1.0
0.00010386597826604405,0.0
0.00031833948354168136,0.0
0.0007178868698366616,1.0
0.0007152174650806602,0.0
0.0006793356447555351,0.0
0.0006241636353307605,0.0
0.0004325273774594464,0.0
0.0007756037092865673,0.0
0.0005885491919449755,0.0
0.0005241705808796233,0.0
9.088273098278856e-05,0.0
0.0009559357569205571,1.0
7.140786005790528e-05,0.0
0.00011035760190767183,0.0
0.0008694975018041524,1.0
0.0005401208548751219,0.0
0.0008194395336913056,1.0
0.0007764135067759609,0.0
0.00014281572011581056,0.0
0.000974539007651155,0.0
0.0006058848732185912,0.0
0.0007756037092865673,0.0
0.000748624669034295,0.0
0.0007564932364479455,1.0
0.0006913157644398331,0.0
0.000784081528558475,0.0
0.0007577357130237743,0.0
0.0005018314988099363,0.0
0.0006592329159153096,0.0
0.000455652025724538,0.0
9.73743546244163e-05,0.0
0.0008397351729174048,0.0
0.0006873531635438156,0.0
0.0008687390368698289,1.0
0.0007749895896603826,1.0
0.00045663968128993696,0.0
0.0006352069545322557,0.0
0.0004357151472035905,0.0
0.0008449662999290796,0.0
0.00010386597826604405,0.0
0.0005609118184200237,0.0
0.0011124713129261553,0.0
0.00011035760190767183,0.0
0.0006576318912635649,0.0
4.544136549139427e-05,0.0
0.0008227948652095554,0.0
0.0006187921962017395,0.0
0.0010444735558041525,1.0
0.00010386597826604405,0.0
0.00029628921064138436,0.0
0.0007607661528795895,0.0
0.0010894597795929604,1.0
0.0005193298913302203,0.0
9.73743546244163e-05,0.0
0.000537091505570642,0.0
0.0008065680559577583,0.0
0.0007524209480279637,0.0
0.0005074400685072796,0.0
0.0006384981356708187,1.0
8.43911073411608e-05,0.0
0.0008604631273205561,0.0
0.0007618524542061795,0.0
0.0006440756725996305,0.0
7.303076596831224e-05,0.0
0.0004995795654887702,0.0
0.0008188812002307524,0.0
0.0003518765670490603,0.0
5.842461277464978e-05,0.0
0.0005947308807071646,0.0
0.0003155562759034196,0.0
8.43911073411608e-05,0.0
0.0008132170764679405,0.0
0.0006445913564174728,1.0
0.000582863405532631,0.0
0.000465191984431442,0.0
0.00013632409647418281,0.0
0.0001233408491909273,0.0
0.000414220937595747,0.0
0.0007823859647040937,0.0
7.789948369953304e-05,0.0
0.0007374129099055268,0.0
0.0008313833719289958,0.0
0.00082174334392834,0.0
9.73743546244163e-05,0.0
7.789948369953304e-05,0.0
0.0006314287224473957,0.0
0.0006009257653771948,0.0
0.0006182525072368122,0.0
0.0008158379743183731,0.0
0.0007706430360069229,0.0
0.00011035760190767183,0.0
0.00047995090633944315,1.0
0.0008995251889357396,0.0
0.0008437921359775972,1.0
0.0001298324728325551,0.0
0.0006322974686133131,0.0
7.789948369953304e-05,0.0
0.0005981884368405094,0.0
9.088273098278856e-05,0.0
0.00011035760190767183,0.0
0.0007989667266126689,1.0
0.0001233408491909273,0.0
0.0004329940386168067,0.0
0.0008860624381664549,1.0
0.0008488462169068844,0.0
0.00042519281161005744,0.0
0.0012733058689025167,1.0
0.0005582665449296762,0.0
0.0008651280795640807,0.0
0.0001233408491909273,0.0
0.0008225766946951281,0.0
0.0005103136300530044,0.0
0.0006160851939526435,0.0
8.43911073411608e-05,0.0
0.0003114739515324565,0.0
0.0006628710186574354,1.0
0.0006210442396460532,0.0
0.0006087532203177331,0.0
9.088273098278856e-05,0.0
8.43911073411608e-05,0.0
0.0006653996440727338,0.0
0.00011684922554929957,0.0
0.0003441272954859361,0.0
0.0011442593378943875,1.0
9.088273098278856e-05,0.0
0.0002104323857634196,0.0
0.0004166749134270514,0.0
0.000623284709054729,0.0
0.0006016613230153491,0.0
0.0007542778054549893,0.0
0.0005199663472915003,0.0
0.0009016107129610591,1.0
0.0004892581443701651,0.0
0.0006360331951541454,0.0
0.0003826740224911552,0.0
0.0007092597628199092,0.0
0.000985628863142378,0.0
0.0007306306544880007,0.0
0.0005321809486094575,0.0
0.0004089301914184861,0.0
0.0007632905650135731,0.0
0.0007530082081662804,1.0
0.0005475842297379013,0.0
7.140786005790528e-05,0.0
0.00011684922554929957,0.0
0.0006455406909612281,0.0
0.0007289355453745543,0.0
0.00010386597826604405,0.0
0.0006302884623892555,1.0
0.00011684922554929957,0.0
8.43911073411608e-05,0.0
0.0006132066344684366,0.0
0.0006095800505094723,0.0
4.544136549139427e-05,0.0
0.0007146425644546252,0.0
0.0005162741920276766,0.0
0.000870338183662662,1.0
0.0007129096416805962,1.0
0.0006579096712110724,0.0
9.73743546244163e-05,0.0
0.0007466341216093612,1.0
0.00011035760190767183,0.0
9.73743546244163e-05,0.0
0.0009107402890999283,0.0
0.0007739081454321858,0.0
5.842461277464978e-05,0.0
7.789948369953304e-05,0.0
0.00011684922554929957,0.0
0.000615068379644898,0.0
0.0007492942470664324,0.0
0.0008741757262044052,1.0
0.0003746097659170411,0.0
0.00011035760190767183,0.0
0.0006086486199873473,0.0
0.0008965119728454548,1.0
7.140786005790528e-05,0.0
0.0001233408491909273,0.0
0.0004511120496805399,0.0
0.00032582111819719797,0.0
9.73743546244163e-05,0.0
8.43911073411608e-05,0.0
0.00011035760190767183,0.0
0.0007340217821967638,0.0
0.00013632409647418281,0.0
0.0007619821988721299,1.0
0.0007236607533899165,1.0
0.0001298324728325551,0.0
0.0006141925576175339,0.0
0.0004889565173057818,0.0
0.0008256634556482786,0.0
0.00010386597826604405,0.0
0.00013632409647418281,0.0
0.0005878553350526642,0.0
0.0001233408491909273,0.0
0.0005778770827047595,0.0
0.0006778266763477107,0.0
9.088273098278856e-05,0.0
0.00046331285637555425,0.0
0.0005770387224414623,0.0
0.00011035760190767183,0.0
5.842461277464978e-05,0.0
0.00010386597826604405,0.0
0.0005586563844570367,0.0
7.789948369953304e-05,0.0
0.0006958309828157233,0.0
7.140786005790528e-05,1.0
0.0005851530633240327,0.0
0.0006550459262699118,0.0
8.43911073411608e-05,0.0
0.0008215130849384456,0.0
0.00046942355978905805,0.0
0.00013632409647418281,0.0
0.00014281572011581056,0.0
0.0005739082770807784,0.0
0.0007514216180329021,0.0
9.73743546244163e-05,0.0
0.000540117248960353,0.0
0.0006802482554575282,1.0
0.0005326956500114773,0.0
0.000728456093471304,1.0
0.0006410331291490253,0.0
0.0005632004442698586,0.0
0.0007514216180329021,0.0
0.00033415280400173514,0.0
0.0005440444382833257,0.0
0.0009821041321820074,0.0
9.73743546244163e-05,0.0
0.0006206989001440289,0.0
0.0007099027000848498,0.0
0.0006572004300206093,0.0
0.0011683546399705303,1.0
0.0001233408491909273,0.0
8.43911073411608e-05,0.0
0.0003682515411493502,0.0
7.789948369953304e-05,0.0
0.0005458306201464631,0.0
0.00035551006177100657,0.0
0.0008191557002048823,0.0
0.0010683371982197591,1.0
9.73743546244163e-05,0.0
0.0007926614029795508,0.0
8.43911073411608e-05,0.0
0.0005404195879673216,0.0
9.088273098278856e-05,0.0
8.43911073411608e-05,0.0
0.0004956388352930546,0.0
0.0006283714006178737,0.0
7.140786005790528e-05,0.0
0.0008014813643946136,0.0
5.842461277464978e-05,0.0
0.0007407757540820832,0.0
0.00045689922626963734,0.0
0.0001298324728325551,0.0
0.0006956466456198145,1.0
0.0001557989673990661,0.0
0.000576641266797885,0.0
8.43911073411608e-05,0.0
0.0007516037203227851,0.0
0.0007502275056618544,0.0
8.43911073411608e-05,0.0
0.00011035760190767183,0.0
8.43911073411608e-05,0.0
0.0009115224929478998,0.0
0.00010386597826604405,0.0
0.000476411961088095,0.0
0.0007101212100934294,0.0
0.00044570845327961464,0.0
0.00010386597826604405,0.0
0.0008151114506188302,0.0
0.0006778266763477107,0.0
0.0006691054166215748,0.0
0.0009416746853638444,0.0
0.00013632409647418281,0.0
0.0008032159468175228,0.0
0.0008554330028218248,0.0
0.0004912924493587604,0.0
9.73743546244163e-05,0.0
0.0007832882781466444,0.0
9.088273098278856e-05,0.0
0.0004791944477369716,0.0
0.0010175669922183523,1.0
0.0013650005581737404,1.0
8.43911073411608e-05,0.0
0.0006885594516627938,0.0
0.00023936133360195487,0.0
0.0004847823858904728,0.0
0.00031605903118373435,0.0
8.43911073411608e-05,0.0
0.0007641845828224297,1.0
0.0006064954225263005,1.0
0.00011035760190767183,0.0
0.0004593116511965484,0.0
8.43911073411608e-05,0.0
0.0006187568647799645,0.0
0.00011035760190767183,0.0
0.0008513158931950218,0.0
0.0006350591362592751,0.0
0.0004461852904133652,1.0
0.0001557989673990661,0.0
0.0006601086343180606,1.0
0.0008194902813024177,1.0
0.000564302946128787,0.0
0.0007080237127478971,1.0
0.0006992221105244865,0.0
0.0004201779536616228,0.0
0.0007312116394789266,0.0
0.0009913051254140338,1.0
0.0007116040682856794,0.0
0.0007392194531287289,0.0
0.0006451417050465965,0.0
0.0006114204335354519,0.0
7.789948369953304e-05,0.0
0.0001233408491909273,0.0
5.842461277464978e-05,0.0
0.0005817027819649255,0.0
0.0006493959544015594,0.0
0.0004353570999946771,0.0
0.0001233408491909273,1.0
0.0001265866610117412,0.0
0.0007529087647270769,1.0
0.0008503745947908871,0.0
0.0005349306533810368,0.0
6.491623641627753e-05,0.0
0.00037863282406529154,0.0
0.0007159211180473529,0.0
9.088273098278856e-05,0.0
8.276820143075385e-05,0.0
0.00011035760190767183,0.0
0.0007653477440353774,0.0
0.000573087572327742,0.0
0.0005884573148269359,0.0
0.00010386597826604405,0.0
0.0005844459211838699,0.0
0.0005709897417799272,0.0
0.0008655498188837005,0.0
0.00013632409647418281,0.0
0.0006081710935313265,1.0
0.0005218675840819072,1.0
0.0008048094829616282,0.0
0.00011684922554929957,0.0
0.00011684922554929957,0.0
0.0008592710030140786,0.0
0.0001298324728325551,0.0
0.0004815952433234732,0.0
5.842461277464978e-05,0.0
0.0007300443191154093,0.0
0.000448005971754295,0.0
0.00011684922554929957,0.0
0.000748624669034295,0.0
0.0007666861394474795,1.0
0.0009015807883547778,1.0
0.00011035760190767183,0.0
0.00011035760190767183,0.0
0.0002149397251399093,0.0
0.0005648670407181232,1.0
0.00011684922554929957,0.0
0.0005739082770807784,0.0
0.00011035760190767183,0.0
0.0009593230692957023,1.0
9.088273098278856e-05,0.0
7.140786005790528e-05,0.0
0.00014281572011581056,0.0
0.0004062230603809041,0.0
0.0006307974910846792,0.0
0.00010386597826604405,0.0
0.0005474996025955633,0.0
5.842461277464978e-05,0.0
7.140786005790528e-05,0.0
0.00011684922554929957,0.0
0.0006362944963371703,0.0
9.73743546244163e-05,0.0
0.00010386597826604405,0.0
0.0006090688171797741,1.0
0.0011534583050250246,1.0
0.00011035760190767183,0.0
